ACCELEROMETER X (m/s²),ACCELEROMETER Y (m/s²),ACCELEROMETER Z (m/s²),GRAVITY X (m/s²),GRAVITY Y (m/s²),GRAVITY Z (m/s²),LINEAR ACCELERATION X (m/s²),LINEAR ACCELERATION Y (m/s²),LINEAR ACCELERATION Z (m/s²),GYROSCOPE X (rad/s),GYROSCOPE Y (rad/s),GYROSCOPE Z (rad/s),LIGHT,MAGNETIC FIELD X (μT),MAGNETIC FIELD Y (μT),MAGNETIC FIELD Z (μT),ORIENTATIONZ,ORIENTATIONX,ORIENTATIONY,PROXIMITY (i),ATMOSPHERIC PRESSURE (hPa),SOUND LEVEL (dB),LOCATION Latitude : ,LOCATION Longitude : ,LOCATION Altitude ( m),LOCATION Altitude-google ( m),LOCATION Altitude-atmospheric pressure ( m),LOCATION Speed ( Kmh),LOCATION Accuracy ( m),LOCATION ORIENTATION (°),Satellites in range,Time since start in ms ,YYYY-MO-DD HH-MI-SS_SSS
1.0742,4.9578,8.5369,1.015,4.9051,8.4309,0.0473,-0.0048,0.0072,0.0233,0.0202,0.0053,195,14.77,-7.15,-37.07,300.48,-29.94,-6.88,2,981.05,49.211,42.49838,-83.440865,839.98,915.2893521,,0,48.412903,,0 / 20,10,2018-07-23 11:56:13:967
0.8164,4.6769,8.7333,0.784,4.6139,8.6178,0.0233,0.0098,0.0161,-0.0875,0.0454,-7.00E-04,211,16.96,-4.2,-37.58,303.63,-28.07,-5.2,2,981.05,61.671,42.49838,-83.440865,839.98,915.2893521,,0,48.412903,,0 / 20,509,2018-07-23 11:56:14:466
0.7023,4.5787,8.9336,0.7254,4.5199,8.6726,-0.0334,-0.0054,0.1378,-0.0264,0.082,-0.0455,219,18.09,-8.31,-37.97,294.33,-27.53,-5.15,2,981.05,61.377,42.49838,-83.440865,839.98,915.2893521,,0,48.412903,,0 / 20,1009,2018-07-23 11:56:14:966
-0.1572,3.7783,8.2576,0.2274,3.8832,9.0022,-0.3873,-0.1497,-0.8483,-0.0051,0.2499,-0.0455,268,19.75,-4.41,-35.59,295.45,-23.32,-2.41,2,981.05,62.843,42.49838,-83.440865,839.98,915.2893521,,0,48.412903,,0 / 20,1510,2018-07-23 11:56:15:467
0.0439,3.5373,10.2847,-0.1563,3.651,9.1003,0.2025,-0.1669,1.0518,0.3347,0.4665,-0.2017,279,19.73,-3.69,-37.12,294.27,-20.76,-0.87,2,981.05,53.443,42.49838,-83.440865,839.98,915.2893521,,0,48.412903,,0 / 20,2010,2018-07-23 11:56:15:967
0.83,3.9283,8.9831,0.6494,4.0848,8.8917,0.1723,-0.2088,-0.0225,0.0446,0.1885,0.044,192,17.81,-3.22,-37.61,301.13,-24.62,-4.18,2,981.05,58.78,42.49838,-83.440865,839.98,915.2893521,,0,48.412903,,0 / 20,2510,2018-07-23 11:56:16:467
0.2737,4.3409,9.2576,0.2406,4.2597,8.8299,0.0302,0.0304,0.3224,-0.0701,0.0099,-0.0497,234,18.73,-5.89,-34.78,295.84,-25.99,-1.68,2,981.05,63.139,42.49838,-83.440865,839.98,915.2893521,,0,48.412903,,0 / 20,3009,2018-07-23 11:56:16:966
0.3519,4.289,8.9487,0.2419,4.3613,8.7801,0.1072,-0.1219,0.0686,-0.0821,-0.0665,0.0717,239,19.92,-4.77,-37.95,300.83,-26.71,-1.22,2,981.04,62.45,42.49838,-83.440865,839.98,915.2893521,,0,48.412903,,0 / 20,3510,2018-07-23 11:56:17:467
0.1141,4.404,8.7979,0.2616,4.3825,8.769,-0.1504,-0.0275,-0.0691,-0.014,0.0053,-0.0053,239,18.25,-7.54,-35.38,293.43,-26.59,-1.75,2,981.04,57.157,42.49838,-83.440865,839.98,915.2893521,,0,48.412903,,0 / 20,4010,2018-07-23 11:56:17:967
0.1939,4.4439,9.0461,0.2361,4.362,8.7799,-0.0449,0.0312,0.1642,-0.0136,-0.004,-0.0277,243,19,-7.89,-35.59,293.38,-26.46,-1.58,2,981.04,49.435,42.49838,-83.440865,839.98,915.2893521,,0,48.412903,,0 / 20,4509,2018-07-23 11:56:18:466
-0.0591,4.0313,9.517,0.2792,4.0728,8.9166,-0.3415,-0.0879,0.4989,-0.1436,0.3334,0.0476,256,19,-7.89,-35.12,289.02,-25.07,-2.91,2,981.04,42.145,42.49838,-83.440865,839.98,915.2893521,,0,48.412903,,17 / 21,5010,2018-07-23 11:56:18:967
0.6185,4.0201,9.663,0.4311,3.9083,8.9838,0.1823,0.0659,0.5738,-0.2384,-0.2234,0.0042,256,18.88,-10.06,-34.84,282.02,-23.49,-2.75,2,981.04,57.282,42.49838,-83.440865,839.98,915.2893521,,0,48.412903,,17 / 21,5510,2018-07-23 11:56:19:467
0.3136,3.7982,9.6407,0.3371,3.722,9.0666,-0.0272,0.0349,0.4734,-0.0953,0.0688,0.0405,268,18.27,-9.59,-35.04,281.06,-22.31,-2.13,2,981.04,58.334,42.49838,-83.440865,839.98,915.2893521,,0,48.412903,,0 / 21,6010,2018-07-23 11:56:19:967
0.419,3.8956,9.0437,0.9677,3.8769,8.9557,-0.559,-0.0222,-0.0064,0.0081,-0.3615,0.2042,254,17.07,-4.11,-37.77,298.26,-23.33,-4.68,2,981.04,60.173,42.49838,-83.440865,839.98,915.2893521,,0,48.412903,,0 / 21,6509,2018-07-23 11:56:20:466
0.9122,3.4495,9.1084,1.3493,3.399,9.0993,-0.4501,0.0179,-0.0782,-0.0892,0.0372,-0.1073,226,13.96,-6.36,-38.76,289.66,-20.57,-9.08,2,981.04,59.132,42.49838,-83.440865,839.98,915.2893521,,0,48.412903,,0 / 21,7010,2018-07-23 11:56:20:967
1.1125,3.3393,9.007,1.1851,3.3233,9.15,-0.1062,-0.0952,-0.1122,0.0645,0.0156,-0.0639,243,16.57,-4.61,-37.97,288.62,-19.81,-7.38,2,981.04,61.356,42.49838,-83.440865,839.98,915.2893521,,0,48.412903,,0 / 21,7510,2018-07-23 11:56:21:467
1.0247,3.5556,9.0118,1.0026,3.5218,9.0974,0.0129,0.0017,-0.1686,0.0152,-0.0015,-0.01,243,13.84,-3.18,-39.44,300.07,-20.98,-6.29,2,981.04,30.76,42.49838,-83.440865,839.98,915.2893521,,0,48.412903,,0 / 21,8009,2018-07-23 11:56:21:966
1.1276,3.6322,9.1267,1.0349,3.5255,9.0923,0.0836,0.0757,-0.0456,-0.0264,0.0159,0.0011,243,15.91,-6.57,-36.27,285.96,-21.15,-6.54,2,981.04,61.499,42.49838,-83.440865,839.98,915.2893521,,0,48.412903,,0 / 21,8510,2018-07-23 11:56:22:467
1.13,3.5005,9.2456,1.0848,3.5354,9.0827,0.0359,-0.0652,0.0849,-0.015,-0.0349,0.0131,239,16.31,-5.33,-40.62,294.36,-21.21,-6.78,2,981.04,62.373,42.49838,-83.440865,839.98,915.2893521,,0,48.412903,,0 / 21,9010,2018-07-23 11:56:22:967
1.1189,3.5508,9.3127,1.0845,3.5458,9.0786,0.0237,-0.0297,0.1453,0.0283,0.012,-0.0235,239,15.06,-4.75,-36.49,291.68,-21.2,-6.81,2,981.03,57.068,42.49838,-83.440865,839.98,915.2893521,,0,48.412903,,0 / 21,9509,2018-07-23 11:56:23:466
1.0814,3.6019,9.1259,1.0524,3.5945,9.0632,0.0199,-0.0234,-0.015,0.002,-0.0178,-0.0043,239,14.58,-4.41,-37.92,296.26,-21.51,-6.55,2,981.04,27.607,42.49838,-83.440865,839.98,915.2893521,,0,48.412903,,0 / 21,10009,2018-07-23 11:56:23:966
1.0949,3.5939,9.1331,1.1041,3.558,9.0715,-0.0181,0.0072,-0.0117,-0.0378,-0.0469,0.0351,239,15.78,-2.43,-40.91,300.74,-21.41,-6.75,2,981.04,63.586,42.49838,-83.440865,839.98,915.2893521,,0,48.412903,,0 / 21,10510,2018-07-23 11:56:24:467
1.2186,3.5708,9.2009,1.1488,3.5552,9.067,0.0598,-0.0153,0.0552,0.0049,-0.0061,-0.005,239,14.94,-4.57,-39.31,293.76,-21.26,-7.17,2,981.04,62.558,42.49838,-83.440865,839.98,915.2893521,,0,48.412903,,0 / 21,11009,2018-07-23 11:56:24:966
1.1588,3.5748,9.1826,1.1672,3.5268,9.0758,-0.0187,0.0171,0.0272,-0.009,-0.0128,0.006,236,13.83,-6.73,-37.7,288.89,-21.11,-7.3,2,981.04,62.811,42.49838,-83.440865,839.98,915.2893521,,0,48.412903,,0 / 21,11510,2018-07-23 11:56:25:467
1.2298,3.582,9.1563,1.185,3.5403,9.0682,0.0343,0.0101,0.0072,-8.00E-04,-0.0036,-0.005,236,12.95,-2.1,-39.82,303.31,-21.15,-7.38,2,981.04,56.33,42.49838,-83.440865,839.98,915.2893521,,0,48.412903,,0 / 21,12010,2018-07-23 11:56:25:967
1.1707,3.5708,9.1068,1.1935,3.5383,9.0679,-0.0329,0.0023,-0.0385,-0.0058,-0.0047,0.0057,236,15.04,-5.29,-39.68,293.99,-21.15,-7.5,2,981.04,28.329,42.49838,-83.440865,839.98,915.2893521,,0,48.412903,,0 / 21,12510,2018-07-23 11:56:26:467
1.2657,3.5245,9.1826,1.2133,3.5209,9.072,0.0414,-0.0284,0.0283,2.00E-04,-0.01,-0.0142,236,14.32,-6.34,-37.93,291.07,-21.06,-7.57,2,981.05,48.851,42.49838,-83.440865,839.98,915.2893521,,0,48.412903,,0 / 21,13009,2018-07-23 11:56:26:966
1.2282,3.554,9.1674,1.2121,3.5234,9.0712,0.0055,-3.00E-04,0.0167,-0.0058,-0.0033,0.0067,236,14.33,-7.29,-38.11,288.59,-21.08,-7.59,2,981.05,48.153,42.49838,-83.440865,839.98,915.2893521,,0,48.412903,,0 / 21,13510,2018-07-23 11:56:27:467
1.3072,3.5317,9.1658,1.2437,3.5157,9.0699,0.0531,-0.0133,0.0202,0.0038,0.0053,-0.0096,236,14.82,-8.61,-37.6,282.3,-21.01,-7.8,2,981.05,56.08,42.49838,-83.440865,839.98,915.2893521,,0,48.412903,,15 / 23,14010,2018-07-23 11:56:27:967
1.2657,3.499,9.09,1.2934,3.4702,9.0805,-0.0373,0.003,-0.0578,-0.0033,0.007,-0.0014,236,13.24,-6.55,-38.01,288.49,-20.72,-8.16,2,981.05,56.143,42.49838,-83.440865,839.98,915.2893521,,0,48.412903,,15 / 23,14510,2018-07-23 11:56:28:467
1.3224,3.467,9.11,1.304,3.4558,9.0845,0.0238,-0.0126,0.0408,0.0056,7.00E-04,-0.0078,236,11.72,-5.21,-39.35,295.66,-20.69,-8.14,2,981.05,59.043,42.49838,-83.440865,839.98,915.2893521,,0,48.412903,,0 / 23,15011,2018-07-23 11:56:28:968
1.304,3.487,9.1626,1.2717,3.4783,9.0804,0.0234,-0.0157,0.0186,0.0049,0.0028,-0.0121,236,15.42,-4.08,-37.3,293.07,-20.77,-7.98,2,981.06,37.533,42.49838,-83.440865,839.98,915.2893521,,0,48.412903,,0 / 23,15510,2018-07-23 11:56:29:467
1.2657,3.5269,9.1387,1.2466,3.4974,9.0766,0.0112,0.0072,0.0042,-8.00E-04,0.0017,-0.0064,233,14.43,-5.7,-37.05,289.74,-20.89,-7.83,2,981.06,55.843,42.49838,-83.440865,839.98,915.2893521,,0,48.412903,,0 / 23,16009,2018-07-23 11:56:29:966
1.241,3.5069,9.1658,1.2071,3.4911,9.0844,0.0265,-0.0054,0.0262,-0.0015,0.0195,-0.0217,233,14.92,-7.04,-38.19,287.21,-20.86,-7.61,2,981.06,60.584,42.49838,-83.440865,839.98,915.2893521,,0,48.412903,,0 / 23,16509,2018-07-23 11:56:30:466
1.1524,3.5452,9.1826,1.1809,3.5039,9.0829,-0.0362,0.0186,0.0409,0.0059,-8.00E-04,0.0071,233,13.41,-4.66,-37.05,293.89,-20.92,-7.43,2,981.06,64.948,42.49838,-83.440865,839.98,915.2893521,,0,48.412903,,0 / 23,17009,2018-07-23 11:56:30:966
1.15,3.5309,9.1586,1.1881,3.4994,9.0837,-0.0454,0.0099,0.0188,0.0049,-0.005,7.00E-04,233,16.6,-4.15,-35.96,290.85,-20.89,-7.48,2,981.06,51.998,42.49838,-83.440865,839.98,915.2893521,,0,48.412903,,0 / 23,17510,2018-07-23 11:56:31:467
1.2673,3.4902,9.1419,1.2215,3.478,9.0875,0.038,-0.0101,-0.004,6.00E-04,-0.0018,-0.0046,233,13.34,-2.4,-38.57,301.87,-20.78,-7.63,2,981.06,54.332,42.49838,-83.440865,839.98,915.2893521,,0,48.412903,,0 / 23,18010,2018-07-23 11:56:31:967
1.2769,3.4926,9.2137,1.2333,3.459,9.0931,-6.00E-04,0.0175,0.0333,-0.0069,-0.0082,0.0103,233,14.17,-2.07,-39.6,300.78,-20.67,-7.7,2,981.06,28.664,42.49838,-83.440865,839.98,915.2893521,,0,48.412903,,0 / 23,18509,2018-07-23 11:56:32:466
1.2601,3.4878,9.1754,1.2494,3.4507,9.0941,0.001,0.0102,0.0105,0.0038,0.0056,-0.0036,233,12.81,-2.43,-41.83,303.11,-20.59,-7.84,2,981.05,64.432,42.49838,-83.440865,839.98,915.2893521,,0,48.412903,,0 / 23,19010,2018-07-23 11:56:32:967
1.2577,3.4327,9.0988,1.2643,3.4389,9.0965,-0.0156,-0.0305,-0.0622,-0.0058,0.0088,0.0039,233,15.09,-6.01,-32.79,284.79,-20.55,-7.94,2,981.05,60.545,42.49838,-83.440865,839.98,915.2893521,,0,48.412903,,0 / 23,19510,2018-07-23 11:56:33:467
1.2194,3.4566,9.2065,1.2558,3.4352,9.099,-0.0466,-0.0067,0.033,0.0049,0.0035,0.0039,233,15.32,-8.49,-30.99,277.57,-20.51,-7.9,2,981.05,62.703,42.49838,-83.440865,839.98,915.2893521,,0,48.412903,,0 / 23,20009,2018-07-23 11:56:33:966
1.2721,3.4423,9.173,1.2633,3.4291,9.1003,-0.0011,-0.0139,0.001,-5.00E-04,0.0099,-0.01,233,14.18,-12.8,-27.4,258.75,-20.47,-7.94,2,981.05,61.477,42.49838,-83.440865,839.98,915.2893521,,0,48.412903,,0 / 23,20509,2018-07-23 11:56:34:466
1.2625,3.495,9.1754,1.2576,3.4335,9.0995,-0.0036,0.0383,0.0145,-0.0388,-0.0391,-0.0068,233,14.93,-10.47,-30.4,271.09,-20.56,-7.79,2,981.05,26.231,42.49838,-83.440865,839.98,915.2893521,,0,48.412903,,0 / 23,21010,2018-07-23 11:56:34:967
2.7757,2.9563,9.2448,2.54,3.0349,8.9726,0.214,-0.1045,0.1957,0.0517,-0.1286,-0.0739,191,8.81,-5.32,-32.54,283.69,-17.88,-15.54,2,981.05,64.585,42.49838,-83.440865,839.98,915.2893521,,0,48.412903,,0 / 23,21510,2018-07-23 11:56:35:467
1.5307,3.3393,8.9192,1.8029,3.2076,9.0902,-0.2851,0.1089,-0.2358,-0.0484,0.06,-0.0377,204,12.95,-5.74,-41.34,287.76,-19.16,-11.42,2,981.06,64.581,42.49838,-83.440865,839.98,915.2893521,,0,48.412903,,0 / 23,22009,2018-07-23 11:56:35:966
1.5546,3.4319,9.1171,1.5506,3.3965,9.068,-0.0075,0.0102,-0.018,0.039,0.0685,-0.0338,217,10.26,-5.66,-39.84,294.15,-20.26,-9.7,2,981.06,61.521,42.49838,-83.440865,839.98,915.2893521,,0,48.412903,,0 / 23,22510,2018-07-23 11:56:36:467
1.3288,3.5173,9.0381,1.4039,3.4925,9.0555,-0.0831,0.0051,-0.0686,0.001,-0.01,0.0018,223,13.6,-8.41,-40.76,287.1,-20.86,-8.81,2,981.06,61.383,42.49838,-83.440865,839.98,915.2893521,,0,48.412903,,16 / 21,23010,2018-07-23 11:56:36:967
1.3415,3.4862,9.1403,1.3892,3.4714,9.0659,-0.0556,-0.0049,0.0228,0.0045,-0.0036,-0.011,223,11.94,0.03,-40.04,306.69,-20.73,-8.71,2,981.05,61.995,42.49838,-83.440865,839.98,915.2893521,,0,48.412903,,16 / 21,23510,2018-07-23 11:56:37:467
1.4158,3.5245,9.1738,1.3715,3.4762,9.0667,0.0359,0.027,0.0514,0.0056,-0.0022,0.0121,220,14.26,-1,-40.57,302.46,-20.74,-8.56,2,981.05,58.514,42.49838,-83.440865,839.98,915.2893521,,0,48.412903,,16 / 21,24010,2018-07-23 11:56:37:967
1.4612,3.4375,9.106,1.3871,3.4726,9.0657,0.0679,-0.0509,-0.001,-0.0015,-0.0125,-0.0164,220,14.44,-2.52,-38.32,296.48,-20.74,-8.68,2,981.05,59.236,42.49838,-83.440865,839.98,915.2893521,,0,48.412903,,16 / 21,24509,2018-07-23 11:56:38:466
1.4182,3.5165,9.1945,1.3806,3.4625,9.0706,0.0287,0.0316,0.0654,6.00E-04,-0.0018,-0.0185,220,14.94,-2.4,-37.9,297.27,-20.66,-8.65,2,981.05,57.588,42.49838,-83.440865,839.98,915.2893521,,0,48.412903,,16 / 21,25009,2018-07-23 11:56:38:966
1.2194,3.4399,9.0724,1.3334,3.442,9.0854,-0.123,-0.0251,-0.0739,0.0049,0.0131,-0.0153,220,13.38,-3.55,-41.45,297.41,-20.53,-8.48,2,981.05,62.561,42.49838,-83.440865,839.98,915.2893521,,0,48.412903,,16 / 21,25509,2018-07-23 11:56:39:466
1.2817,3.4974,9.1227,1.2562,3.3897,9.116,0.0199,0.0924,-0.0342,-0.1123,0.0461,-0.0142,220,13.75,-3.52,-42.25,297.11,-20.4,-7.96,2,981.05,59.7,42.49838,-83.440865,839.98,915.2893521,,0,48.412903,,16 / 21,26010,2018-07-23 11:56:39:967
1.1005,3.3329,9.6359,1.256,3.2114,9.1804,0.1163,-0.1416,-0.0053,0.3159,0.2393,-0.1051,233,11.85,-0.74,-41.4,304.13,-19.12,-7.79,2,981.05,34.247,42.49838,-83.440865,839.98,915.2893521,,0,48.412903,,16 / 21,26510,2018-07-23 11:56:40:467
0.8611,3.6091,9.3358,0.8295,3.6581,9.0609,0.0262,-0.0725,0.2166,-0.0189,0.0181,-0.0199,237,16.61,-5.72,-40.83,293.75,-21.98,-5.32,2,981.05,60.168,42.49838,-83.440865,839.98,915.2893521,,0,48.412903,,16 / 21,27010,2018-07-23 11:56:40:967
0.8076,3.712,9.0421,0.7765,3.7799,9.0155,0.0262,-0.0917,-0.0305,-0.0072,0.0103,0.005,237,17.15,-4.91,-37.17,294.19,-22.67,-4.92,2,981.05,62.846,42.49838,-83.440865,839.98,915.2893521,,0,48.412903,,16 / 21,27510,2018-07-23 11:56:41:467
0.9656,3.7887,9.2784,0.7965,3.7548,9.0243,0.1635,0.0072,0.1901,-0.0044,0.0127,0.0135,233,17.12,-8.09,-35.05,285.1,-22.54,-5.05,2,981.05,62.951,42.49838,-83.440865,839.98,915.2893521,,0,48.412903,,16 / 21,28009,2018-07-23 11:56:41:966
0.9186,3.736,9.3007,0.8094,3.7148,9.0397,0.1035,-0.0047,0.1979,-0.0257,0.0131,0.0096,233,17.46,-0.08,-38.08,304.19,-22.36,-5.14,2,981.05,51.742,42.49838,-83.440865,839.98,915.2893521,,0,48.412903,,16 / 21,28509,2018-07-23 11:56:42:466
1.0143,3.6961,9.2784,0.8327,3.6765,9.0532,0.1758,-0.0064,0.1613,-0.015,-0.0153,0.0256,238,17.44,-3.28,-38.57,298.64,-22.02,-5.26,2,981.05,58.343,42.49838,-83.440865,839.98,915.2893521,,0,48.412903,,16 / 21,29009,2018-07-23 11:56:42:966
1.1292,3.5652,9.3135,0.912,3.5986,9.0768,0.2108,-0.059,0.1721,-0.0228,-0.0377,0.0227,241,12.68,-0.04,-41.36,310.39,-21.53,-5.74,2,981.05,26.265,42.49838,-83.440865,839.98,915.2893521,,0,48.412903,,16 / 21,29510,2018-07-23 11:56:43:467
0.9178,3.5357,9.0501,0.9943,3.5437,9.0898,-0.0834,-0.0325,-0.1025,-0.0012,-0.0064,-0.0128,241,15.24,-5.25,-37.98,293.79,-21.18,-6.25,2,981.05,61.76,42.49838,-83.440865,839.98,915.2893521,,0,48.412903,,16 / 21,30010,2018-07-23 11:56:43:967
0.9728,3.57,9.1403,1.0311,3.5034,9.1013,-0.0654,0.0424,-0.0239,-0.0264,0.0024,-0.0025,238,15.23,-2.21,-39.9,301.23,-21.02,-6.49,2,981.05,64.229,42.49838,-83.440865,839.98,915.2893521,,0,48.412903,,16 / 21,30510,2018-07-23 11:56:44:467
1.1715,3.4064,9.256,1.1301,3.4172,9.1223,0.0923,-0.0373,0.0538,-0.026,-0.0135,0.0259,238,15.34,-0.91,-39.21,301.17,-20.39,-7.06,2,981.05,50.014,42.49838,-83.440865,839.98,915.2893521,,0,48.412903,,16 / 21,31010,2018-07-23 11:56:44:967
1.225,3.404,9.2193,1.1355,3.4085,9.1249,0.0802,-0.0324,0.0199,-0.0029,0.0024,-0.0068,238,15.7,-2.83,-37.5,295.12,-20.38,-7.05,2,981.05,63.929,42.49838,-83.440865,839.98,915.2893521,,0,48.412903,,16 / 21,31510,2018-07-23 11:56:45:467
1.1284,3.4551,9.2145,1.132,3.4148,9.123,-0.0127,0.0127,0.0177,0.0013,0.0056,0.0028,238,15.69,-5.71,-36.79,287.58,-20.38,-7.07,2,981.05,60.09,42.49838,-83.440865,839.98,915.2893521,,0,48.412903,,0 / 21,32009,2018-07-23 11:56:45:966
1.1316,3.4622,9.1866,1.1337,3.4186,9.1213,-0.0236,0.0068,-0.014,-0.0019,-0.0068,-0.0075,238,14.74,-0.62,-36.96,299.96,-20.4,-7.09,2,981.05,59.162,42.49838,-83.440865,839.98,915.2893521,,0,48.412903,,0 / 21,32510,2018-07-23 11:56:46:467
1.1747,3.4144,9.2209,1.1543,3.4032,9.1245,0.0112,-0.0161,0.0234,-8.00E-04,0,-0.0018,238,15.8,-0.36,-39.17,301.53,-20.32,-7.21,2,981.05,61.072,42.49838,-83.440865,839.98,915.2893521,,0,48.412903,,0 / 21,33009,2018-07-23 11:56:46:966
1.1715,3.4375,9.2161,1.1567,3.414,9.1202,0.0056,-0.004,0.0226,0.0113,0.0035,-0.0089,238,15.65,-2.82,-37.39,294.25,-20.36,-7.25,2,981.04,64.21,42.49838,-83.440865,839.98,915.2893521,,0,48.412903,,0 / 21,33510,2018-07-23 11:56:47:467
1.2769,3.4112,9.1515,1.1606,3.3969,9.126,0.108,-0.0098,-0.0391,-0.0069,0.0461,7.00E-04,238,15.05,-1.01,-39.27,300.81,-20.28,-7.27,2,981.04,63.226,42.49838,-83.440865,839.98,915.2893521,,0,48.412903,,0 / 21,34009,2018-07-23 11:56:47:966
1.0901,3.4471,9.3143,1.149,3.3712,9.137,-0.0677,0.0499,0.1068,-0.025,-0.0029,0.0145,238,14.92,-0.12,-37.79,302.12,-20.11,-7.17,2,981.04,60.077,42.49838,-83.440865,839.98,915.2893521,,0,48.412903,,0 / 21,34512,2018-07-23 11:56:48:469
1.1237,3.3489,9.1491,1.119,3.3476,9.1494,-0.0033,-0.0225,-0.0655,-0.0431,-0.0072,-0.0345,238,16.12,-0.51,-39.61,300.05,-20.05,-6.99,2,981.04,58.834,42.49838,-83.440865,839.98,915.2893521,,0,48.412903,,0 / 21,35009,2018-07-23 11:56:48:966
1.0806,3.3697,9.1195,1.0906,3.3385,9.1562,-0.0181,0.0063,-0.1048,0.0031,0.0113,-0.0231,241,15.55,-2.23,-37.73,296.76,-19.88,-6.86,2,981.04,25.735,42.49838,-83.440865,839.98,915.2893521,,0,48.412903,,0 / 21,35511,2018-07-23 11:56:49:468
1.051,3.3585,9.2823,1.0901,3.3194,9.1632,-0.0479,0.0122,0.0449,-0.0125,-0.0313,0.0174,241,15.68,-0.06,-43.23,303.38,-19.78,-6.78,2,981.04,60.802,42.49838,-83.440865,839.98,915.2893521,,0,48.412903,,0 / 21,36010,2018-07-23 11:56:49:967
1.2346,3.2923,9.2935,1.0775,3.3145,9.1664,0.1483,-0.0495,0.0516,0.0116,0.0365,-0.0242,241,13.77,-2.08,-38.82,299.84,-19.71,-6.79,2,981.04,63.522,42.49838,-83.440865,839.98,915.2893521,,0,48.412903,,0 / 21,36509,2018-07-23 11:56:50:466
1.2122,3.2364,9.2903,1.1054,3.2988,9.1688,0.0972,-0.091,0.0419,-0.0072,-0.0036,-0.0331,241,14.92,-5.64,-39.6,289.87,-19.68,-6.89,2,981.04,59.122,42.49838,-83.440865,839.98,915.2893521,,0,48.412903,,0 / 21,37009,2018-07-23 11:56:50:966
0.7757,3.3752,9.2712,1.1616,3.2492,9.1795,-0.3953,0.0997,0.0173,-0.036,-0.0633,0.0472,241,14.61,-4.16,-35.83,291.37,-19.48,-6.98,2,981.04,60.707,42.49838,-83.440865,839.98,915.2893521,,0,48.412903,,0 / 21,37510,2018-07-23 11:56:51:467
1.3838,3.1534,9.0294,1.1381,3.2594,9.1789,0.2372,-0.1302,-0.2177,-0.0193,0.06,-0.0213,241,13.49,-10.74,-27.91,264.24,-19.48,-7.28,2,981.04,59.311,42.49838,-83.440865,839.98,915.2893521,,0,48.412903,,0 / 21,38010,2018-07-23 11:56:51:967
1.1564,3.155,9.4356,1.1387,3.2381,9.1863,0.0091,-0.1073,0.1806,0.0034,0.0152,-0.0469,241,16.14,-7.12,-30.68,278.3,-19.26,-7.18,2,981.04,52.086,42.49838,-83.440865,839.98,915.2893521,,0,48.412903,,0 / 21,38510,2018-07-23 11:56:52:467
1.051,3.2907,9.1403,1.1283,3.2428,9.1859,-0.0853,0.0247,-0.1111,0.0031,0.0014,-0.0142,241,14.51,-5.72,-32.03,282.7,-19.31,-7,2,981.05,41.949,42.49838,-83.440865,839.98,915.2893521,,0,48.412903,,0 / 21,39011,2018-07-23 11:56:52:968
1.0973,3.2939,9.2153,1.1308,3.2343,9.1886,-0.0408,0.0388,-0.0325,-0.0054,-0.0029,0.0142,241,15.37,-5.96,-30.88,281.87,-19.31,-6.93,2,981.05,61.065,42.49838,-83.440865,839.98,915.2893521,,0,48.412903,,0 / 21,39510,2018-07-23 11:56:53:467
1.4261,3.0943,9.2919,1.1007,3.2294,9.194,0.3191,-0.1536,0.045,-0.0122,0.0358,-0.0203,241,15.21,-4.08,-31.33,287.24,-19.28,-6.94,2,981.04,59.85,42.49838,-83.440865,839.98,915.2893521,,0,48.412903,,0 / 21,40010,2018-07-23 11:56:53:967
1.0199,3.3298,9.2696,1.1142,3.2148,9.1975,-0.1328,0.0145,-0.0033,0.0112,0.0149,0.0106,241,13.95,-6.56,-30.38,278.6,-19.2,-6.81,2,981.04,60.195,42.49838,-83.440865,839.98,915.2893521,,0,48.412903,,0 / 21,40510,2018-07-23 11:56:54:467
1.1588,3.1861,9.2648,1.0271,3.2143,9.2078,0.1255,-0.0475,0.0017,0.007,0.0497,-0.027,245,16.39,-6.76,-30.16,277.5,-19.1,-6.55,2,981.04,61.426,42.49838,-83.440865,839.98,915.2893521,,0,48.412903,,18 / 21,41010,2018-07-23 11:56:54:967
0.9505,3.2571,9.3582,1.0335,3.1768,9.2201,-0.0898,0.0594,0.0773,-0.0164,-0.015,0.0156,245,14.06,-5.19,-31.44,285.33,-18.94,-6.4,2,981.03,58.448,42.49838,-83.440865,839.98,915.2893521,,0,48.412903,,18 / 21,41510,2018-07-23 11:56:55:467
0.6943,2.8549,9.1379,1.3615,2.6838,9.3335,-0.6717,0.1622,-0.2267,-0.4337,-0.1247,0.414,249,15.46,-5.02,-28.87,280,-17.53,-7.57,2,981.03,60.966,42.49838,-83.440865,839.98,915.2893521,,0,48.412903,,18 / 21,42009,2018-07-23 11:56:55:966
1.5522,-1.0149,10.1594,2.1403,0.3764,9.5628,-0.5982,-1.393,0.5511,-0.1496,-1.3324,-0.6839,255,12,3.32,-32.55,282.32,-2.2,-12.62,2,981.02,47.3,42.49838,-83.440865,839.98,915.2893521,,0,48.412903,,18 / 21,42509,2018-07-23 11:56:56:466
2.2689,1.5684,9.2424,2.2387,1.5892,9.4145,0.021,-0.0274,-0.2109,0.2857,0.3195,0.0078,231,9.59,2.2,-31.82,291.2,-9.33,-13.38,2,981.02,59.553,42.49838,-83.440865,839.98,915.2893521,,0,48.412903,,18 / 21,43009,2018-07-23 11:56:56:966
3.0925,1.5932,9.7644,3.2603,2.3095,8.9558,-0.1842,-0.7279,0.7636,0.192,-0.3615,0.2599,209,7.66,-2.11,-32.7,287.13,-13.68,-15.41,2,981.02,60.291,42.49838,-83.440865,839.98,915.2893521,,0,48.412903,,18 / 21,43510,2018-07-23 11:56:57:467
2.055,3.2332,7.9065,2.7168,2.9883,8.9364,-0.6613,0.2454,-1.0283,-0.9223,-0.6992,0.2052,185,8.28,-8.96,-34.74,272.96,-17.74,-16.91,2,981.02,62.046,42.49838,-83.440865,839.98,915.2893521,,0,48.412903,,18 / 21,44009,2018-07-23 11:56:57:966
2.636,2.479,9.1427,2.5879,2.4314,9.1412,0.0375,0.0376,-0.0362,0.1377,0.0433,-0.0661,191,8.09,-4.37,-42.06,285.24,-13.83,-15.97,2,981.03,62.946,42.49838,-83.440865,839.98,915.2893521,,0,48.412903,,18 / 21,44510,2018-07-23 11:56:58:467
0.6464,3.6889,9.0325,0.5473,3.693,9.0682,0.0968,-0.0198,-0.0743,0.1629,0.2276,-0.3295,254,16.52,-5.09,-37.55,293.5,-21.48,-4.66,2,981.03,57.429,42.49838,-83.440865,839.98,915.2893521,,0,48.412903,,18 / 21,45010,2018-07-23 11:56:58:967
-0.3536,5.0951,9.4388,-0.4981,4.6904,8.5978,0.148,0.3729,0.7826,0.0737,-0.5838,-0.0547,286,24.42,-4.96,-34.23,301.43,-28.34,5.23,2,981.04,59.417,42.49838,-83.440865,839.98,915.2893521,,0,48.412903,,18 / 21,45509,2018-07-23 11:56:59:466
-3.0055,4.1175,6.9097,-2.8224,4.3407,8.3284,-0.1655,-0.2505,-1.471,-0.3133,0.7691,-0.2166,270,31.43,-3.99,-28.89,302.9,-26.27,18.72,2,981.04,51.18,42.49838,-83.440865,839.98,915.2893521,,0,48.412903,,18 / 21,46010,2018-07-23 11:56:59:967
-1.8595,4.9658,9.6024,-1.344,5.0907,8.2734,-0.509,-0.1496,1.2888,0.1416,-0.9652,-0.01,308,29.77,-4.62,-32.97,307.31,-29.5,15.58,2,981.05,59.008,42.49838,-83.440865,839.98,915.2893521,,0,48.412903,,18 / 21,46510,2018-07-23 11:57:00:467
-0.498,5.1653,8.7309,-0.5488,4.9841,8.4278,0.0538,0.1532,0.2556,-0.1013,-0.2348,0.0419,250,23.1,-4.68,-34.99,305.95,-30.88,4.64,2,981.05,65.057,42.49838,-83.440865,839.98,915.2893521,,0,48.412903,,18 / 21,47010,2018-07-23 11:57:00:967
0.8372,4.0991,9.9846,0.5027,3.7105,9.0637,0.3313,0.3651,0.8636,-0.733,-1.1264,0.1878,259,18.44,-2.82,-38.17,307.53,-24.76,0.99,2,981.05,58.305,42.49838,-83.440865,839.98,915.2893521,,0,48.412903,,18 / 21,47510,2018-07-23 11:57:01:467
0.3783,3.9986,8.9926,0.5425,3.9805,8.946,-0.1683,-0.0119,-0.0207,0.0201,0.0522,0.0749,239,17.54,-2.21,-39.31,303.49,-23.89,-3.55,2,981.05,55.041,42.49838,-83.440865,839.98,915.2893521,,0,48.412903,,18 / 21,48009,2018-07-23 11:57:01:966
0.3009,4.1933,8.9647,0.3087,4.1395,8.8848,-0.0103,0.0214,0.0106,0.0169,0.0159,0.0252,235,20.32,-3.57,-38.46,299.61,-24.97,-1.99,2,981.05,37.102,42.49838,-83.440865,839.98,915.2893521,,0,48.412903,,18 / 21,48509,2018-07-23 11:57:02:466
0.3288,4.0791,9.0685,0.3363,4.0234,8.937,-0.0097,0.0289,0.0717,-0.0338,-0.0086,-0.0103,235,18.85,-6.56,-35.61,291.67,-24.22,-2.15,2,981.05,61.045,42.49838,-83.440865,839.98,915.2893521,,0,48.412903,,18 / 21,49010,2018-07-23 11:57:02:967
0.3527,3.9483,8.8881,0.2808,3.9947,8.9517,0.0698,-0.0771,-0.1323,-0.0115,0.033,0.0323,238,17.45,-6.32,-35.15,295.09,-23.94,-1.86,2,981.05,61.191,42.49838,-83.440865,839.98,915.2893521,,0,48.412903,,18 / 21,49511,2018-07-23 11:57:03:468
-0.0599,4.2084,8.5194,0.1514,4.1747,8.8724,-0.2125,4.00E-04,-0.4238,0.0333,0.033,-0.0195,233,19.09,-7.27,-36.35,293.92,-25.06,-1.14,2,981.05,62.891,42.49838,-83.440865,839.98,915.2893521,,0,48.412903,,18 / 21,50011,2018-07-23 11:57:03:968
-0.1078,4.2108,8.6247,0.0935,4.212,8.8556,-0.202,-0.0351,-0.3023,0.0411,0.0046,-0.0245,233,19.22,-3.83,-35.72,301.26,-25.44,-0.6,2,981.05,64.06,42.49838,-83.440865,839.98,915.2893521,,0,48.412903,,18 / 22,50510,2018-07-23 11:57:04:467
-0.099,4.2611,8.6638,0.0981,4.2138,8.8546,-0.1979,0.0137,-0.2613,-0.0306,-0.0139,0.043,233,19.74,-1.91,-37.18,304.66,-25.54,-0.54,2,981.05,60.583,42.49838,-83.440865,839.98,915.2893521,,0,48.412903,,18 / 22,51010,2018-07-23 11:57:04:967
-0.1916,4.2827,8.5769,0.0839,4.2473,8.8388,-0.2762,4.00E-04,-0.3346,0.018,7.00E-04,-0.0089,229,20.92,-3.95,-38.25,300.86,-25.66,-0.54,2,981.05,61.502,42.49838,-83.440865,839.98,915.2893521,,0,48.412903,,18 / 22,51509,2018-07-23 11:57:05:466
-0.1564,4.2555,8.5569,0.0528,4.2515,8.837,-0.2097,-0.0316,-0.3542,0.023,-1.00E-04,-0.0238,229,19.46,-3.76,-37.2,302.8,-25.69,-0.34,2,981.05,59.391,42.49838,-83.440865,839.98,915.2893521,,0,48.412903,,18 / 22,52010,2018-07-23 11:57:05:967
-0.0216,4.2292,8.766,0.0262,4.2608,8.8326,-0.1478,-0.0289,-0.3122,0.0471,0.0035,-0.0366,233,18.92,-2.41,-37.87,307.23,-25.58,-0.26,2,981.06,61.364,42.49838,-83.440865,839.98,915.2893521,,0,48.412903,,18 / 22,52509,2018-07-23 11:57:06:466
-0.2682,4.2843,8.5154,0.009,4.2469,8.8394,-0.2772,0.0012,-0.3992,-0.0413,-0.0079,0.0415,233,20.72,-4.1,-38.45,301.63,-25.79,0.01,2,981.06,36.521,42.49838,-83.440865,839.98,915.2893521,,0,48.412903,,18 / 22,53010,2018-07-23 11:57:06:967
1.9145,2.574,7.5721,1.7275,4.0757,8.7507,0.176,-1.5278,-1.2345,-0.4905,-0.2926,0.523,190,12.99,-4.84,-35.23,298.46,-26.62,-9.4,2,981.06,52.167,42.49838,-83.440865,839.98,915.2893521,,0,48.412903,,18 / 22,53509,2018-07-23 11:57:07:466
1.0941,3.9379,8.7987,1.2168,3.8655,8.9301,-0.1334,0.0381,-0.2107,-0.0335,0.0898,-0.1541,220,14.19,-4.34,-38.17,298.18,-23.24,-8.31,2,981.06,61.315,42.49838,-83.440865,839.98,915.2893521,,0,48.412903,,18 / 22,54009,2018-07-23 11:57:07:966
1.0119,3.8461,9.0134,1.0202,3.8451,8.9635,-0.0179,-0.0352,-0.0345,6.00E-04,-0.0366,-0.0206,235,16.39,-4.06,-38.6,298.01,-23.08,-6.49,2,981.06,62.84,42.49838,-83.440865,839.98,915.2893521,,0,48.412903,,18 / 22,54510,2018-07-23 11:57:08:467
0.8922,3.823,8.8354,0.9618,3.8388,8.9727,-0.0777,-0.0482,-0.2129,-0.0172,0.0518,-0.0029,231,16.68,-5,-37.33,293.56,-23.04,-6.12,2,981.06,59.062,42.49838,-83.440865,839.98,915.2893521,,0,48.412903,,18 / 22,55010,2018-07-23 11:57:08:967
0.8866,3.8166,8.8618,0.9488,3.865,8.9628,-0.0679,-0.0716,-0.155,-0.0065,0.0173,0.0202,231,15.97,-3.96,-36.94,297.16,-23.21,-6.04,2,981.06,25.309,42.49838,-83.440865,839.98,915.2893521,,0,48.412903,,18 / 22,55509,2018-07-23 11:57:09:466
0.8747,3.902,8.9847,0.9299,3.8486,8.9718,-0.0615,0.0271,-0.0484,0.0404,-0.0274,-0.0345,231,14.55,-3.9,-38.73,299.84,-22.95,-5.87,2,981.06,26.495,42.49838,-83.440865,839.98,915.2893521,,0,48.412903,,18 / 22,56009,2018-07-23 11:57:09:966
1.0087,3.7519,9.0413,0.9615,3.8042,8.9875,0.0404,-0.0794,-0.0103,0.0148,-0.021,-0.0142,243,14.38,-5.02,-38.13,297.8,-22.82,-6.11,2,981.06,26.151,42.49838,-83.440865,839.98,915.2893521,,0,48.412903,,18 / 22,56510,2018-07-23 11:57:10:467
0.8396,3.8621,8.9639,0.9511,3.8229,8.9806,-0.1182,0.0124,-0.0797,-0.0399,0.0301,0.0085,239,14.97,-5.43,-39.78,298.35,-23.08,-6.15,2,981.06,29.591,42.49838,-83.440865,839.98,915.2893521,,0,48.412903,,18 / 22,57009,2018-07-23 11:57:10:966
0.8212,3.8876,9.0836,0.922,3.7715,9.0053,-0.1077,0.0879,0.0111,-0.0654,-0.0029,0.0319,228,16.36,-5.65,-37.55,292.94,-22.62,-5.85,2,981.06,26.537,42.49838,-83.440865,839.98,915.2893521,,0,48.412903,,18 / 22,57510,2018-07-23 11:57:11:467
0.8834,3.9626,9.1203,1.0079,3.818,8.9765,-0.1324,0.1145,0.0732,0.0145,-0.0139,0.0014,225,12.67,-3.51,-40.44,302.86,-22.91,-6.41,2,981.06,25.863,42.49838,-83.440865,839.98,915.2893521,,0,48.412903,,18 / 22,58009,2018-07-23 11:57:11:966
0.9417,3.8278,9.118,0.9258,3.7608,9.0094,0.0081,0.0354,0.033,-0.0186,0.0113,0.0046,228,17.15,-5.93,-38.27,291.73,-22.55,-5.87,2,981.07,62.559,42.49838,-83.440865,839.98,915.2893521,,0,48.412903,,18 / 22,58509,2018-07-23 11:57:12:466
0.9521,3.7009,8.762,0.8848,3.7678,9.0106,0.0615,-0.0913,-0.307,0.0414,-0.0455,-0.0476,235,15.39,-8.48,-40.49,291.3,-22.59,-5.61,2,981.07,61.673,42.49838,-83.440865,839.98,915.2893521,,0,48.412903,,18 / 20,59010,2018-07-23 11:57:12:967
0.8603,3.8022,9.1283,0.885,3.7519,9.0172,-0.0547,0.0051,0.0049,-0.003,-0.0171,-0.0117,230,16.55,-9.15,-38.6,285.89,-22.49,-5.61,2,981.07,60.242,42.49838,-83.440865,839.98,915.2893521,,0,48.412903,,18 / 20,59511,2018-07-23 11:57:13:468
0.8228,3.7639,9.1523,0.8278,3.71,9.04,-0.0118,0.0234,0.038,-1.00E-04,0.0106,-0.0057,234,15.11,-9.72,-39.4,284.83,-22.22,-5.29,2,981.07,28.935,42.49838,-83.440865,839.98,915.2893521,,0,48.412903,,18 / 20,60010,2018-07-23 11:57:13:967
0.8659,3.5317,8.7189,0.8786,3.7502,9.0186,-0.0182,-0.2418,-0.3556,0.0951,-0.0892,-0.1172,237,16.76,-2.63,-40.99,299.98,-22.13,-5.41,2,981.07,42.046,42.49838,-83.440865,839.98,915.2893521,,0,48.412903,,18 / 20,60510,2018-07-23 11:57:14:467
0.7023,3.8006,8.9831,0.7423,3.7972,9.0111,-0.0445,-0.0194,-0.0821,0.0347,-0.0011,-0.0401,237,15.2,-3.48,-38.08,302.01,-22.64,-4.79,2,981.05,47.535,42.49838,-83.440865,839.98,915.2893521,,0,48.412903,,18 / 20,61009,2018-07-23 11:57:14:966
0.7095,3.7966,9.098,0.7052,3.7723,9.0246,0,0.0012,0.0181,-0.0154,7.00E-04,0.0092,237,16.55,-4.34,-36.07,295.93,-22.62,-4.47,2,981.05,46.265,42.49838,-83.440865,839.98,915.2893521,,0,48.412903,,18 / 20,61509,2018-07-23 11:57:15:466
0.6225,3.8198,9.0557,0.6248,3.8077,9.0156,-0.0067,-0.0147,-0.0234,0.0059,0.0319,-0.022,237,15.88,-3.35,-38.21,301.6,-22.82,-4.11,2,981.05,42.551,42.49838,-83.440865,839.98,915.2893521,,0,48.412903,,18 / 20,62010,2018-07-23 11:57:15:967
0.5929,3.874,9.0764,0.5993,3.84,9.0037,-0.0016,0.0101,0.0405,0.007,0.0124,-4.00E-04,237,18.36,-1.56,-38.06,301.47,-23.05,-3.81,2,981.06,42.985,42.49838,-83.440865,839.98,915.2893521,,0,48.412903,,18 / 20,62510,2018-07-23 11:57:16:467
0.6257,3.8621,9.2105,0.5951,3.7882,9.0258,0.0249,0.0379,0.0991,-0.0033,-0.0103,-0.0125,239,16.73,-3.78,-38.67,299.24,-22.74,-3.74,2,981.06,41.696,42.49838,-83.440865,839.98,915.2893521,,0,48.412903,,18 / 20,63009,2018-07-23 11:57:16:966
0.5889,3.7687,9.2161,0.5716,3.7319,9.0508,0.0121,0.003,0.0833,-0.0172,0.0088,0.0191,249,17.87,-2.43,-35.5,298.63,-22.37,-3.61,2,981.07,38.037,42.49838,-83.440865,839.98,915.2893521,,0,48.412903,,18 / 20,63509,2018-07-23 11:57:17:466
0.7701,3.6777,9.2903,0.63,3.664,9.0746,0.1354,-0.014,0.147,-0.0019,-4.00E-04,-0.0274,262,17.08,-3.81,-36.31,295.48,-21.94,-3.97,2,981.07,33.015,42.49838,-83.440865,839.98,915.2893521,,0,48.412903,,18 / 20,64009,2018-07-23 11:57:17:966
0.7342,3.7655,9.3542,0.5837,3.7003,9.063,0.1459,0.0356,0.2185,0.0219,-0.0025,-0.0174,258,17.65,-2.07,-37.9,300.5,-22.17,-3.68,2,981.07,36.306,42.49838,-83.440865,839.98,915.2893521,,0,48.412903,,18 / 20,64510,2018-07-23 11:57:18:467
0.6352,3.7615,9.434,0.5729,3.6826,9.0709,0.0576,0.0486,0.2884,0.0098,-0.0377,0.0064,253,17.05,-3.12,-38.08,299.86,-22.03,-3.47,2,981.07,49.003,42.49838,-83.440865,839.98,915.2893521,,0,48.412903,,18 / 20,65010,2018-07-23 11:57:18:967
0.6656,3.6578,9.2377,0.5734,3.6836,9.0704,0.0874,-0.0561,0.0927,0.0042,-0.0192,-0.0107,256,17,-3.43,-38.65,300.49,-22.06,-3.62,2,981.07,27.865,42.49838,-83.440865,839.98,915.2893521,,0,48.412903,,18 / 20,65510,2018-07-23 11:57:19:467
0.5083,3.7136,9.1387,0.5843,3.667,9.0764,-0.0807,0.0163,-0.0128,-0.0115,-0.0054,-0.0018,256,15.7,-2.9,-40.87,303.09,-21.98,-3.73,2,981.07,34.896,42.49838,-83.440865,839.98,915.2893521,,0,48.412903,,18 / 20,66010,2018-07-23 11:57:19:967
0.6033,3.6067,9.106,0.5985,3.6108,9.098,4.00E-04,-0.0309,-0.0593,-0.0363,0.0241,0.0341,256,17.21,-2.43,-38.2,301,-21.6,-3.76,2,981.07,46.532,42.49838,-83.440865,839.98,915.2893521,,0,48.412903,,18 / 20,66510,2018-07-23 11:57:20:467
0.5929,3.6745,9.1658,0.6204,3.6038,9.0994,-0.0323,0.0426,-0.0047,-0.0076,-0.0022,0.016,256,17.58,-3.76,-37.65,295.42,-21.56,-3.9,2,981.07,40.527,42.49838,-83.440865,839.98,915.2893521,,0,48.412903,,18 / 20,67012,2018-07-23 11:57:20:969
0.8036,3.5229,9.3183,0.6991,3.5064,9.1316,0.0978,-0.0173,0.0987,-0.0054,-0.0256,-0.0487,251,17.16,-1.73,-38.37,299.47,-20.95,-4.38,2,981.07,40.044,42.49838,-83.440865,839.98,915.2893521,,0,48.412903,,17 / 21,67509,2018-07-23 11:57:21:466
0.7725,3.5181,9.185,0.6733,3.5035,9.1347,0.0936,-0.0144,-0.0253,0.0038,0.0124,-0.0043,244,16.59,-1.81,-39.47,300.31,-20.92,-4.19,2,981.07,41.827,42.49838,-83.440865,839.98,915.2893521,,0,48.412903,,17 / 21,68010,2018-07-23 11:57:21:967
0.549,3.5357,9.0709,0.6296,3.4972,9.1402,-0.0852,0.0126,-0.1368,-0.0179,0.0159,-0.0228,251,16.42,-2.58,-37.56,299.07,-20.89,-3.94,2,981.07,26.818,42.49838,-83.440865,839.98,915.2893521,,0,48.412903,,17 / 21,68510,2018-07-23 11:57:22:467
0.6696,3.3912,9.2065,0.6366,3.4635,9.1526,0.028,-0.0989,-0.0164,0.0059,7.00E-04,-0.032,258,16.51,-1.32,-39.25,302.21,-20.68,-3.98,2,981.07,25.652,42.49838,-83.440865,839.98,915.2893521,,0,48.412903,,17 / 21,69009,2018-07-23 11:57:22:966
0.7701,3.5077,9.2839,0.6419,3.4642,9.1519,0.122,0.0099,0.0431,0.0074,-0.027,0.0053,262,16.68,-1.02,-37.65,301.53,-20.69,-4.01,2,981.07,25.293,42.49838,-83.440865,839.98,915.2893521,,0,48.412903,,17 / 21,69510,2018-07-23 11:57:23:467
0.5427,3.5157,9.2408,0.6179,3.4259,9.168,-0.0804,0.0615,-0.0027,-0.0243,0.0184,-0.0018,270,15.35,-1.59,-38.61,302.87,-20.45,-3.86,2,981.07,62.37,42.49838,-83.440865,839.98,915.2893521,,0,48.412903,,17 / 21,70011,2018-07-23 11:57:23:968
0.8491,3.5397,9.4763,0.58,3.476,9.1516,0.2641,0.0333,0.245,0.039,-0.0075,-0.0288,265,17.44,-0.51,-36.32,300.68,-20.76,-3.63,2,981.07,48.575,42.49838,-83.440865,839.98,915.2893521,,0,48.412903,,17 / 21,70510,2018-07-23 11:57:24:467
0.632,3.4503,9.248,0.5254,3.4789,9.1538,0.1025,-0.0564,0.0212,-1.00E-04,0.0138,-0.016,255,18.69,-2.76,-40.53,298.06,-20.82,-3.27,2,981.07,28.231,42.49838,-83.440865,839.98,915.2893521,,0,48.412903,,17 / 21,71009,2018-07-23 11:57:24:966
0.4389,3.6873,8.9304,0.4861,3.6596,9.0852,-0.051,-0.001,-0.226,-0.026,-0.0086,0.011,246,19.1,-0.86,-39.78,302.79,-21.91,-3.06,2,981.08,32.359,42.49838,-83.440865,839.98,915.2893521,,0,48.412903,,17 / 21,71510,2018-07-23 11:57:25:467
0.4988,3.6721,9.1443,0.5174,3.6354,9.0932,-0.0231,0.0051,-0.0279,-0.0058,-0.0054,0.0035,246,16.32,-3.25,-39.59,302.65,-21.77,-3.25,2,981.08,28.214,42.49838,-83.440865,839.98,915.2893521,,0,48.412903,,17 / 21,72010,2018-07-23 11:57:25:967
0.5211,3.6697,9.1658,0.5324,3.6264,9.0959,-0.0161,0.0106,-0.0121,-0.0033,-0.0029,0,243,16.16,-2.58,-39.35,301.68,-21.7,-3.35,2,981.08,26.972,42.49838,-83.440865,839.98,915.2893521,,0,48.412903,,17 / 21,72510,2018-07-23 11:57:26:467
0.5802,3.6123,9.1778,0.5529,3.6034,9.1038,0.0225,-0.0218,-0.0034,-0.009,-0.0114,-0.0185,243,17.38,-2.36,-37.66,301.33,-21.59,-3.45,2,981.08,36.949,42.49838,-83.440865,839.98,915.2893521,,0,48.412903,,17 / 21,73009,2018-07-23 11:57:26:966
0.4389,3.6602,9.3789,0.5592,3.5674,9.1177,-0.1248,0.0634,0.1862,-0.0676,3.00E-04,0.0518,243,16.04,-1.68,-41.47,304.43,-21.33,-3.51,2,981.08,41.932,42.49838,-83.440865,839.98,915.2893521,,0,48.412903,,17 / 21,73509,2018-07-23 11:57:27:466
0.4756,3.6019,8.9831,0.5177,3.611,9.1029,-0.0466,-0.0405,-0.1988,0.0368,-0.0057,-0.0696,246,14.79,-4.99,-38.22,297.4,-21.46,-3.33,2,981.08,37.603,42.49838,-83.440865,839.98,915.2893521,,0,48.412903,,17 / 21,74009,2018-07-23 11:57:27:966
0.4653,3.7743,9.5577,0.518,3.5895,9.1114,-0.0578,0.1499,0.3579,-0.0438,-0.0118,0.0472,242,18.05,-3.57,-38.39,296.26,-21.63,-3.16,2,981.08,27.644,42.49838,-83.440865,839.98,915.2893521,,0,48.412903,,17 / 21,74509,2018-07-23 11:57:28:466
0.3695,3.6458,9.2025,0.4612,3.5815,9.1176,-0.096,0.031,-1.00E-04,-0.0115,3.00E-04,-0.0288,245,18.1,-4.72,-39.69,295.55,-21.43,-3.01,2,981.08,25.933,42.49838,-83.440865,839.98,915.2893521,,0,48.412903,,17 / 21,75010,2018-07-23 11:57:28:967
0.5099,3.5652,9.26,0.4505,3.5331,9.137,0.0556,0.0021,0.0455,-0.0115,0.0078,0.005,245,17.34,-2.77,-37.22,298.51,-21.12,-2.82,2,981.07,41.089,42.49838,-83.440865,839.98,915.2893521,,0,48.412903,,17 / 21,75512,2018-07-23 11:57:29:469
0.4397,3.4367,9.1802,0.4137,3.4472,9.1715,0.0233,-0.0333,-0.0519,-0.0196,-0.0082,0.0174,251,19.37,-1.6,-39.6,299.92,-20.66,-2.51,2,981.07,28.427,42.49838,-83.440865,839.98,915.2893521,,0,48.412903,,0 / 21,76009,2018-07-23 11:57:29:966
0.3232,3.4096,9.28,0.3219,3.4016,9.1922,-0.001,-0.0164,0.0217,0.002,0.0031,-0.0075,258,15.77,0.16,-39.45,307.52,-20.3,-2.01,2,981.08,35.048,42.49838,-83.440865,839.98,915.2893521,,0,48.412903,,0 / 21,76509,2018-07-23 11:57:30:466
0.0774,3.3553,9.0756,0.2445,3.3204,9.2242,-0.1679,0.0242,-0.1782,-0.1045,0.0717,0.0728,262,19.64,-1.23,-37.72,299.31,-20.1,-1.8,2,981.08,26.322,42.49838,-83.440865,839.98,915.2893521,,0,48.412903,,0 / 21,77010,2018-07-23 11:57:30:967
1.1404,-0.1658,9.9719,1.4911,0.3968,9.6845,-0.4777,-0.78,0.276,0.3415,-0.238,-0.3267,272,12.06,11.22,-40.7,304.75,-2.32,-8.75,2,981.09,49.703,42.49838,-83.440865,839.98,915.2893521,,0,48.412903,,0 / 21,77511,2018-07-23 11:57:31:468
-0.7741,0.3091,10.8035,-0.2632,1.0072,9.7512,-0.5102,-0.7008,1.0263,-0.6467,0.8206,-0.7564,313,20.53,8.78,-38.15,302.81,-8.19,-1.65,2,981.1,45.81,42.49838,-83.440865,839.98,915.2893521,,0,48.412903,,0 / 21,78010,2018-07-23 11:57:31:967
1.4636,1.6945,9.8458,1.3569,1.5436,9.5889,0.1025,0.1461,0.227,-0.0072,-0.054,-0.1073,284,12.36,9.19,-40.75,310.42,-9.06,-8.05,2,981.1,62.198,42.49838,-83.440865,839.98,915.2893521,,0,48.412903,,0 / 21,78509,2018-07-23 11:57:32:466
1.3846,1.8549,9.5393,1.3369,1.8105,9.5449,0.0449,0.0406,-0.026,-0.0722,0.1555,0.0692,273,14.34,7.68,-41.69,307.64,-10.64,-7.97,2,981.1,31.234,42.49838,-83.440865,839.98,915.2893521,,0,48.412903,,0 / 21,79009,2018-07-23 11:57:32:966
0.3631,2.4415,10.3462,0.7624,2.5941,9.4265,-0.4022,-0.1627,0.8829,0.1792,-0.0338,-0.0561,269,15.23,5.6,-41.29,311.72,-15.34,-4.62,2,981.1,64.022,42.49838,-83.440865,839.98,915.2893521,,0,48.412903,,0 / 21,79509,2018-07-23 11:57:33:466
0.9664,2.9626,9.2847,1.0516,2.952,9.2925,-0.0891,-4.00E-04,-0.0424,0.1696,0.0145,-0.0579,260,16.69,2.21,-38.68,300.6,-16.92,-6.56,2,981.1,64.695,42.49838,-83.440865,839.98,915.2893521,,0,48.412903,,0 / 21,80009,2018-07-23 11:57:33:966
1.6488,3.1255,9.0868,1.9542,3.3482,9.0078,-0.3116,-0.2332,0.0508,-0.1745,0.3053,0.354,187,9.89,-1.17,-38.83,302.55,-20.84,-12.93,2,981.1,62.814,42.49838,-83.440865,839.98,915.2893521,,0,48.412903,,0 / 21,80511,2018-07-23 11:57:34:468
1.1819,3.0145,9.0836,1.6633,2.988,9.1911,-0.4875,0.0156,-0.141,-0.1901,0.0067,-0.2195,210,13.06,0.38,-40.51,300.27,-18.24,-10.61,2,981.1,50.357,42.49838,-83.440865,839.98,915.2893521,,0,48.412903,,0 / 21,81009,2018-07-23 11:57:34:966
1.2043,2.3577,9.7532,1.0843,2.4022,9.4459,0.1145,-0.0567,0.2592,0.0674,0.012,-0.0703,273,15.49,1.97,-38.33,298.82,-13.93,-6.63,2,981.1,60.189,42.49838,-83.440865,839.98,915.2893521,,0,48.412903,,0 / 21,81510,2018-07-23 11:57:35:467
1.0087,2.9786,9.2169,1.1843,2.9078,9.2905,0.1147,-0.0049,-0.0259,0.1053,0.0575,-0.0433,246,14.34,0.72,-38.34,301.84,-17.25,-7.26,2,981.09,46.773,42.49838,-83.440865,839.98,915.2893521,,0,48.412903,,0 / 21,82009,2018-07-23 11:57:35:966
1,2.9355,9.2201,0.947,3.1511,9.2382,0.0487,-0.2296,-0.0591,-0.0239,0.2506,-0.0838,237,14.73,-0.03,-40.63,303.44,-18.74,-5.85,2,981.09,33.112,42.49838,-83.440865,839.98,915.2893521,,0,48.412903,,0 / 21,82510,2018-07-23 11:57:36:467
0.8731,3.3529,9.3326,0.8232,3.2572,9.2132,0.0453,0.0775,0.0681,-0.0225,-0.0036,0.0057,247,15.05,0.61,-37.8,305.62,-19.47,-5.08,2,981.09,28.45,42.49838,-83.440865,839.98,915.2893521,,0,48.412903,,0 / 21,83010,2018-07-23 11:57:36:967
0.7901,3.4056,9.6359,0.8546,3.2124,9.2261,-0.0697,0.174,0.3547,-0.0608,0.0774,0.0042,242,15.61,-0.27,-38.95,302.03,-19.33,-5.57,2,981.09,28.064,42.49838,-83.440865,839.98,915.2893521,,0,48.412903,,0 / 21,83510,2018-07-23 11:57:37:467
0.9441,3.3218,9.2297,0.9684,3.2779,9.1917,-0.0304,0.0231,-0.0204,0.0042,7.00E-04,0.0103,240,14.5,1.65,-39.72,307.44,-19.49,-6.03,2,981.09,62.323,42.49838,-83.440865,839.98,915.2893521,,0,48.412903,,0 / 21,84010,2018-07-23 11:57:37:967
1.0774,3.3018,9.2225,1.0086,3.3273,9.1696,0.0616,-0.0492,-0.0125,0.0049,-0.0114,-0.022,234,14.7,-0.15,-40.41,303.85,-19.83,-6.28,2,981.09,58.286,42.49838,-83.440865,839.98,915.2893521,,0,48.412903,,0 / 21,84509,2018-07-23 11:57:38:466
1.0231,3.4231,9.2097,1.043,3.3834,9.1452,-0.0286,0.0116,-0.0115,0.0034,-0.0349,-0.0263,234,16.41,0.67,-38.78,303.96,-20.18,-6.51,2,981.09,61.904,42.49838,-83.440865,839.98,915.2893521,,0,48.412903,,15 / 21,85010,2018-07-23 11:57:38:967
1.0566,3.4184,9.2225,1.0736,3.3825,9.142,-0.0255,0.0091,0.0081,-0.0076,0.001,-0.0235,238,13.67,0.02,-39.67,305.28,-20.18,-6.7,2,981.09,60.421,42.49838,-83.440865,839.98,915.2893521,,0,48.412903,,15 / 21,85510,2018-07-23 11:57:39:467
1.1149,3.3369,9.2321,1.0729,3.3197,9.1651,0.0327,-0.0116,-0.0127,-0.0108,-0.0189,0.0184,241,14.96,0.84,-40.93,305.9,-19.84,-6.56,2,981.09,60.053,42.49838,-83.440865,839.98,915.2893521,,0,48.412903,,15 / 21,86009,2018-07-23 11:57:39:966
1.3966,3.1885,9.3637,1.2038,3.2127,9.1869,0.0705,0.0151,0.1136,-0.0058,-0.0242,0.0305,241,12.7,0.49,-37.52,303.69,-19.17,-7.33,2,981.09,61.12,42.49838,-83.440865,839.98,915.2893521,,0,48.412903,,15 / 21,86510,2018-07-23 11:57:40:467
1.2577,3.2348,9.2656,1.2336,3.2114,9.1834,0.014,-0.0029,0.0071,-0.0161,-0.0306,0.0032,241,11.06,3.18,-40.4,313.61,-19.18,-7.53,2,981.09,57.439,42.49838,-83.440865,839.98,915.2893521,,0,48.412903,,15 / 21,87009,2018-07-23 11:57:40:966
1.296,3.2148,9.2416,1.2364,3.1937,9.1892,0.0498,-0.0042,-0.0205,-0.0047,-8.00E-04,0.0145,238,12.51,2.03,-41.03,308.43,-19.01,-7.66,2,981.09,58.977,42.49838,-83.440865,839.98,915.2893521,,0,48.412903,,15 / 21,87510,2018-07-23 11:57:41:467
1.2841,3.2196,9.3358,1.2503,3.1734,9.1944,0.0227,0.0181,0.0601,0.0059,0.012,0.0039,238,11.36,3.25,-39.99,312.96,-18.87,-7.76,2,981.09,61.065,42.49838,-83.440865,839.98,915.2893521,,0,48.412903,,15 / 21,88009,2018-07-23 11:57:41:966
1.2745,3.1957,9.2568,1.2519,3.1819,9.1912,0.0125,-0.0117,-0.0081,0.0017,0.0024,-0.0057,238,13.18,0.06,-40.16,303.92,-18.93,-7.76,2,981.09,56.509,42.49838,-83.440865,839.98,915.2893521,,0,48.412903,,15 / 21,88509,2018-07-23 11:57:42:466
1.3822,3.1302,9.0501,1.2706,3.1643,9.1947,0.1017,-0.0588,-0.2164,-0.026,0.0287,0.1381,233,15.08,0.92,-39.96,302.73,-18.82,-7.87,2,981.09,42.973,42.49838,-83.440865,839.98,915.2893521,,0,48.412903,,15 / 21,89009,2018-07-23 11:57:42:966
1.1189,3.2523,9.0748,1.1976,3.0818,9.2325,-0.0885,0.1453,-0.2331,0.0386,-0.0182,0.0355,217,14.17,-3.08,-37.75,294.18,-18.32,-7.39,2,981.1,60.892,42.49838,-83.440865,839.98,915.2893521,,0,48.412903,,15 / 21,89509,2018-07-23 11:57:43:466
1.2976,3.0544,9.5305,1.335,2.9938,9.2426,-0.0481,0.0367,0.2141,-0.0125,-0.0125,-0.0153,206,14,-2.47,-41.71,297.2,-17.81,-8.2,2,981.1,61.087,42.49838,-83.440865,839.98,915.2893521,,0,48.412903,,15 / 21,90010,2018-07-23 11:57:43:967
1.0678,3.242,9.3685,1.3531,3.0257,9.2296,-0.2959,0.1926,0.0668,0.0063,-0.0022,0.0508,212,11.93,-0.29,-39.49,302.96,-17.97,-8.34,2,981.1,40.3,42.49838,-83.440865,839.98,915.2893521,,0,48.412903,,15 / 21,90509,2018-07-23 11:57:44:466
1.6592,2.9451,9.1834,1.4403,3.0135,9.2203,0.2086,-0.0901,-0.1031,-0.0047,-0.0086,0.0525,209,11.73,0.31,-39.15,302.43,-17.95,-8.77,2,981.1,46.055,42.49838,-83.440865,839.98,915.2893521,,0,48.412903,,15 / 21,91011,2018-07-23 11:57:44:968
1.5546,3.0241,9.1531,1.156,3.0091,9.2617,0.3937,0.0024,-0.1477,-0.0086,0.3497,-0.0235,236,15.53,-0.05,-38.03,298.04,-17.87,-7.11,2,981.1,30.895,42.49838,-83.440865,839.98,915.2893521,,0,48.412903,,15 / 21,91510,2018-07-23 11:57:45:467
-0.6488,2.7671,10.5736,-0.5309,2.3786,9.499,-0.115,0.3756,1.023,-0.1915,0.2425,0.1985,276,20.78,5.5,-39.57,310.05,-14.65,2.54,0,981.1,34.664,42.49838,-83.440865,839.98,915.2893521,,0,48.412903,,15 / 21,92009,2018-07-23 11:57:45:966
0.4397,2.005,4.7214,0.1715,4.0857,8.9134,0.2676,-2.0941,-4.2212,-0.3129,-0.8324,0.3771,242,22.82,-1.53,-37.78,305.2,-25.7,2.41,0,981.11,55.379,42.49838,-83.440865,839.98,915.2893521,,0,48.412903,,15 / 21,92510,2018-07-23 11:57:46:467
0.8555,-1.4794,9.5968,0.4821,0.3648,9.788,0.3706,-1.8463,-0.2481,0.2161,-0.0253,-0.108,247,15.98,13.45,-40.49,308.19,-1.55,-2.71,0,981.11,60.107,42.49838,-83.440865,839.98,915.2893521,,0,48.412903,,15 / 21,93009,2018-07-23 11:57:46:966
0.4756,0.3171,9.7692,0.4581,0.3303,9.7904,0.0165,-0.014,-0.0446,-0.0022,0.0046,7.00E-04,485,18.17,13.5,-40.77,307.64,-1.93,-2.68,2,981.11,58.381,42.49838,-83.440865,839.98,915.2893521,,0,48.412903,,15 / 21,93509,2018-07-23 11:57:47:466
0.4549,0.3043,9.7716,0.4432,0.3051,9.7919,0.0118,-6.00E-04,-0.0161,-8.00E-04,0.0031,3.00E-04,485,16.1,11.26,-41.75,304.47,-1.79,-2.59,2,981.11,53.792,42.49838,-83.440865,839.98,915.2893521,,0,48.412903,,15 / 20,94009,2018-07-23 11:57:47:966
0.415,0.2811,9.7285,0.4354,0.2959,9.7925,-0.0198,-0.0143,-0.049,-1.00E-04,-0.0079,0,485,16.86,12.18,-39.14,305.09,-1.73,-2.55,2,981.11,58.107,42.49838,-83.440865,839.98,915.2893521,,0,48.412903,,15 / 20,94512,2018-07-23 11:57:48:469
0.4293,0.3075,9.7787,0.4297,0.293,9.7928,3.00E-04,0.015,0.002,-1.00E-04,0.0017,3.00E-04,485,18.6,8.61,-32.32,295.95,-1.7,-2.52,2,981.1,56.613,42.49838,-83.440865,839.98,915.2893521,,0,48.412903,,15 / 20,95010,2018-07-23 11:57:48:967
0.4221,0.27,9.7692,0.4255,0.2865,9.7932,-0.0025,-0.016,-0.0044,6.00E-04,3.00E-04,7.00E-04,485,18.58,4.99,-30.68,286.13,-1.67,-2.49,2,981.1,56.127,42.49838,-83.440865,839.98,915.2893521,,0,48.412903,,15 / 20,95510,2018-07-23 11:57:49:467
0.415,0.27,9.762,0.4241,0.286,9.7933,-0.008,-0.0152,-0.004,-5.00E-04,0.0014,-4.00E-04,485,16.57,6.75,-31.69,293.32,-1.69,-2.48,2,981.1,60.625,42.49838,-83.440865,839.98,915.2893521,,0,48.412903,,15 / 20,96010,2018-07-23 11:57:49:967
0.4102,0.2676,9.7572,0.4206,0.2863,9.7934,-0.0089,-0.0177,-6.00E-04,6.00E-04,3.00E-04,-4.00E-04,485,18.21,8.67,-30.79,297.09,-1.67,-2.46,2,981.1,56.663,42.49838,-83.440865,839.98,915.2893521,,0,48.412903,,15 / 20,96509,2018-07-23 11:57:50:466
0.4102,0.2915,9.7548,0.418,0.2871,9.7935,-0.0061,0.0056,0.0017,6.00E-04,3.00E-04,7.00E-04,485,16.15,11.32,-31.29,304.46,-1.68,-2.45,2,981.1,35.105,42.49838,-83.440865,839.98,915.2893521,,0,48.412903,,15 / 20,97010,2018-07-23 11:57:50:967
0.4102,0.258,9.7572,0.4174,0.2839,9.7936,-0.0055,-0.0248,0.0026,6.00E-04,3.00E-04,-4.00E-04,485,16.18,8.01,-30.61,297.15,-1.66,-2.44,2,981.1,57.088,42.49838,-83.440865,839.98,915.2893521,,0,48.412903,,15 / 20,97510,2018-07-23 11:57:51:467
0.4245,0.2915,9.7572,0.4178,0.2872,9.7935,0.0082,0.0053,-0.002,-5.00E-04,3.00E-04,7.00E-04,485,16.76,8.54,-34.6,298.4,-1.66,-2.43,2,981.1,60.228,42.49838,-83.440865,839.98,915.2893521,,0,48.412903,,15 / 20,98009,2018-07-23 11:57:51:966
0.4102,0.2772,9.762,0.4147,0.2834,9.7938,-0.0032,-0.0054,-0.0022,6.00E-04,-8.00E-04,-4.00E-04,485,17.04,9.54,-32.88,300.73,-1.66,-2.42,2,981.1,60.318,42.49838,-83.440865,839.98,915.2893521,,0,48.412903,,15 / 20,98511,2018-07-23 11:57:52:468
0.4221,0.2772,9.774,0.4142,0.2834,9.7938,0.0091,-0.0054,0.0068,6.00E-04,3.00E-04,7.00E-04,485,17.74,9,-32.19,297.12,-1.66,-2.42,2,981.1,59.335,42.49838,-83.440865,839.98,915.2893521,,0,48.412903,,15 / 20,99009,2018-07-23 11:57:52:966
0.3982,0.2724,9.7764,0.412,0.283,9.7939,-0.0127,-0.0099,0.0081,-7.00E-04,1.00E-04,7.00E-04,180,17.54,5.53,-32.02,289.64,-1.65,-2.41,2,981.09,50.08,42.49838,-83.440865,839.98,915.2893521,,0,48.412903,,15 / 20,99509,2018-07-23 11:57:53:466
1.8802,3.6362,7.1188,0.1494,0.7558,9.7763,2.5465,2.0004,-2.4123,-0.4204,-0.082,-0.4627,106,23.43,4.45,-29.58,286.75,-6.47,-2.14,0,981.09,63.233,42.49838,-83.440865,839.98,915.2893521,,0,48.412903,,15 / 20,100010,2018-07-23 11:57:53:967
-0.0679,0.1798,9.6032,0.0379,0.1245,9.8058,-0.1056,0.0559,-0.1571,0.0185,-0.0209,-0.0022,295,16.58,12.03,-32.98,305.94,-0.73,-0.22,0,981.1,57.511,42.49838,-83.440865,839.98,915.2893521,,0,48.412903,,15 / 20,100510,2018-07-23 11:57:54:467
0.0104,0.2077,9.7851,0.0306,0.1554,9.8054,-0.0202,0.0529,0.0135,-0.0025,0.0025,-0.0018,586,15.95,11.24,-32.7,305.52,-0.88,-0.2,2,981.1,61.431,42.49838,-83.440865,839.98,915.2893521,,0,48.412903,,15 / 20,101012,2018-07-23 11:57:54:969
0.0119,0.1814,9.7787,0.0239,0.1752,9.8051,-0.0119,0.0067,0.0041,0.0018,-0.001,3.00E-04,586,15.36,11.03,-35.04,307.61,-1.02,-0.14,2,981.13,60.166,42.49838,-83.440865,839.98,915.2893521,,0,48.412903,,15 / 20,101511,2018-07-23 11:57:55:468
0.0112,0.1894,9.7795,0.0187,0.1847,9.8049,-0.0075,0.0052,0.0017,-4.00E-04,1.00E-04,-4.00E-04,586,17.14,12.12,-33.87,306.51,-1.08,-0.11,2,981.14,62.062,42.49838,-83.440865,839.98,915.2893521,,0,48.412903,,15 / 20,102013,2018-07-23 11:57:55:970
0.0295,0.1766,9.7644,0.0169,0.1847,9.8049,0.0127,-0.0076,-0.0108,-7.00E-04,0.0011,-4.00E-04,586,17.2,10.83,-33.33,304.26,-1.08,-0.1,2,981.14,58.775,42.49838,-83.440865,839.98,915.2893521,,0,48.412903,,15 / 20,102512,2018-07-23 11:57:56:469
0.0511,0.1838,9.774,0.0327,0.1948,9.8047,0.0185,-0.0105,-0.0026,-0.0028,0.0054,-0.0047,586,16.1,13.17,-37.17,310.44,-1.15,-0.19,2,981.13,57.86,42.49838,-83.440865,839.98,915.2893521,,0,48.412903,,16 / 19,103009,2018-07-23 11:57:56:966
0.0271,0.2173,9.774,0.0316,0.1999,9.8046,-0.0043,0.0179,-0.0022,4.00E-04,-0.001,-4.00E-04,586,16.81,9.82,-33.13,301.95,-1.17,-0.18,2,981.12,58.493,42.49838,-83.440865,839.98,915.2893521,,0,48.412903,,16 / 19,103511,2018-07-23 11:57:57:468
0.0941,0.2532,9.774,0.0877,0.2272,9.8036,-2.00E-04,0.0325,-0.0272,-0.006,1.00E-04,0.5461,586,16.23,8.96,-32.7,300.98,-1.35,-0.48,2,981.12,59.689,42.49838,-83.440865,839.98,915.2893521,,0,48.412903,,0 / 21,104009,2018-07-23 11:57:57:966
0.486,0.4663,9.7764,0.1027,0.214,9.8038,0.3836,0.2529,-0.002,-0.005,-3.00E-04,0.3039,579,12.77,5.64,-43.01,297.27,-1.25,-0.6,2,981.11,59.261,42.49838,-83.440865,839.98,915.2893521,,0,48.412903,,0 / 21,104510,2018-07-23 11:57:58:467
0.0199,0.2253,9.7851,0.0577,0.1929,9.8046,-0.0377,0.0329,0.0064,0,1.00E-04,3.00E-04,579,11.02,1.58,-46.93,284.53,-1.13,-0.34,2,981.11,63.385,42.49838,-83.440865,839.98,915.2893521,,0,48.412903,,0 / 21,105010,2018-07-23 11:57:58:967
0.0167,0.2125,9.7787,0.0307,0.1964,9.8046,-0.0139,0.0166,6.00E-04,0,-0.001,-4.00E-04,579,12.66,1.07,-46.03,278.31,-1.15,-0.18,2,981.11,49.337,42.49838,-83.440865,839.98,915.2893521,,0,48.412903,,0 / 21,105512,2018-07-23 11:57:59:469
0.0175,0.2077,9.7771,0.0234,0.1974,9.8046,-0.0059,0.0109,-3.00E-04,0,-7.00E-04,7.00E-04,579,11.01,-0.15,-44.78,274.66,-1.15,-0.14,2,981.1,52.394,42.49838,-83.440865,839.98,915.2893521,,0,48.412903,,0 / 21,106011,2018-07-23 11:57:59:968
0.0199,0.2149,9.7764,0.0174,0.1968,9.8047,0.0026,0.0186,-0.004,4.00E-04,1.00E-04,-4.00E-04,579,12.79,0.4,-47.17,274.12,-1.15,-0.1,2,981.1,26.823,42.49838,-83.440865,839.98,915.2893521,,0,48.412903,,0 / 21,106512,2018-07-23 11:58:00:469
0.0199,0.2125,9.7787,0.0176,0.1982,9.8046,0.0023,0.0148,-0.001,4.00E-04,-0.001,-4.00E-04,579,12.3,-0.07,-45.59,274.36,-1.15,-0.1,2,981.1,38.111,42.49838,-83.440865,839.98,915.2893521,,0,48.412903,,0 / 21,107012,2018-07-23 11:58:00:969
0.0295,0.2341,9.774,0.0176,0.2033,9.8045,0.012,0.0312,-0.0063,-7.00E-04,1.00E-04,7.00E-04,579,11.12,0.95,-46.46,279.99,-1.19,-0.1,2,981.1,36.329,42.49838,-83.440865,839.98,915.2893521,,0,48.412903,,0 / 21,107512,2018-07-23 11:58:01:469
0.0271,0.2293,9.7883,0.0172,0.2002,9.8046,0.01,0.0295,0.0067,-7.00E-04,1.00E-04,-4.00E-04,579,10.77,-0.75,-45.41,269.5,-1.15,-0.09,2,981.1,45.55,42.49838,-83.440865,839.98,915.2893521,,0,48.412903,,0 / 21,108010,2018-07-23 11:58:01:967
0.1612,0.2628,9.7955,0.0152,0.1835,9.8049,0.146,0.0797,0.0142,-0.006,0.0086,0.1274,579,11.75,0.07,-44.22,273.9,-1.07,-0.09,2,981.1,46.257,42.49838,-83.440865,839.98,915.2893521,,0,48.412903,,0 / 21,108510,2018-07-23 11:58:02:467
8.00E-04,0.1694,9.7787,0.0319,0.1971,9.8046,-0.0311,-0.0273,-0.0057,4.00E-04,-0.0042,0.2276,579,8.52,-5.27,-45.6,246.08,-1.17,-0.19,2,981.1,47.828,42.49838,-83.440865,839.98,915.2893521,,0,48.412903,,0 / 21,109009,2018-07-23 11:58:02:966
0.0151,0.2173,9.7787,0.0131,0.1904,9.8048,0.0021,0.0273,-0.0044,-7.00E-04,1.00E-04,0.0827,579,9.43,-2.86,-48.73,257.27,-1.11,-0.08,2,981.1,46.598,42.49838,-83.440865,839.98,915.2893521,,0,48.412903,,0 / 21,109510,2018-07-23 11:58:03:467
-0.0064,0.1862,9.7596,0.0029,0.198,9.8047,-0.0093,-0.0113,-0.0218,0.0014,1.00E-04,7.00E-04,579,6.94,-6.7,-51.44,229.65,-1.16,-0.02,2,981.11,26.792,42.49838,-83.440865,839.98,915.2893521,,0,48.412903,,0 / 21,110011,2018-07-23 11:58:03:968
0.0104,0.2149,9.774,0.0058,0.2024,9.8046,0.0046,0.013,-0.0062,4.00E-04,1.00E-04,-4.00E-04,579,7.4,-4.27,-50.7,247.26,-1.18,-0.03,2,981.12,24.622,42.49838,-83.440865,839.98,915.2893521,,0,48.412903,,0 / 21,110511,2018-07-23 11:58:04:468
8.00E-04,0.2005,9.7764,0.0068,0.2061,9.8045,-0.006,-0.005,-0.0029,4.00E-04,1.00E-04,7.00E-04,579,8.19,-3.29,-48.27,256.1,-1.21,-0.04,2,981.13,26.154,42.49838,-83.440865,839.98,915.2893521,,0,48.412903,,0 / 21,111010,2018-07-23 11:58:04:967
0.0032,0.2053,9.7835,0.006,0.2033,9.8045,-0.0029,0.0026,0.0027,-7.00E-04,-0.001,-4.00E-04,579,7.89,-4.72,-51.67,243.98,-1.19,-0.04,2,981.13,26.866,42.49838,-83.440865,839.98,915.2893521,,0,48.412903,,0 / 21,111511,2018-07-23 11:58:05:468
0.0175,0.2269,9.7907,0.0075,0.2089,9.8044,0.01,0.0185,0.0105,-7.00E-04,-0.001,7.00E-04,579,8.35,-3.64,-48.14,249.67,-1.22,-0.04,2,981.13,25.863,42.49838,-83.440865,839.98,915.2893521,,0,48.412903,,0 / 21,112011,2018-07-23 11:58:05:968
0.008,0.2037,9.7867,0.0053,0.2032,9.8045,0.0027,0.001,0.0037,-4.00E-04,-0.001,-4.00E-04,579,8.72,-6.67,-48.01,236.37,-1.19,-0.03,2,981.13,28.686,42.49838,-83.440865,839.98,915.2893521,,0,48.412903,,0 / 21,112510,2018-07-23 11:58:06:467
0.0263,0.2125,9.7771,0.0114,0.2074,9.8045,0.015,0.0056,-0.0051,0.0021,-0.0024,0.0042,579,7.92,-5.8,-46.98,238.14,-1.21,-0.07,2,981.13,29.19,42.49838,-83.440865,839.98,915.2893521,,0,48.412903,,18 / 21,113010,2018-07-23 11:58:06:967
-0.0088,0.1622,9.7668,0.0076,0.2035,9.8045,-0.0164,-0.0408,-0.0133,4.00E-04,1.00E-04,7.00E-04,579,8.75,-4.23,-46.94,251.5,-1.19,-0.04,2,981.13,45.84,42.49838,-83.440865,839.98,915.2893521,,0,48.412903,,18 / 21,113511,2018-07-23 11:58:07:468
0.0391,0.2532,9.7692,0.0107,0.211,9.8044,0.0284,0.0428,-0.007,4.00E-04,1.00E-04,-4.00E-04,579,9.14,-2.87,-48.44,257.56,-1.2,-0.04,2,981.13,26.294,42.49838,-83.440865,839.98,915.2893521,,0,48.412903,,18 / 21,114010,2018-07-23 11:58:07:967
-0.0208,0.1718,9.7859,0.0068,0.198,9.8046,-0.0275,-0.0256,0.0106,4.00E-04,1.00E-04,-4.00E-04,579,9.16,-5.13,-48.91,246.19,-1.18,-0.06,2,981.13,28.242,42.49838,-83.440865,839.98,915.2893521,,0,48.412903,,18 / 21,114510,2018-07-23 11:58:08:467
0.0271,0.2149,9.7787,0.0079,0.2076,9.8044,0.0192,0.0078,0.0016,-7.00E-04,1.00E-04,7.00E-04,596,9.48,-4.77,-49.8,246.45,-1.21,-0.05,2,981.15,26.133,42.49838,-83.440865,839.98,915.2893521,,0,48.412903,,18 / 21,115012,2018-07-23 11:58:08:969
-0.016,0.1598,9.7811,0.0073,0.2011,9.8046,-0.0233,-0.0407,0.0033,4.00E-04,1.00E-04,-4.00E-04,596,8.6,-5.32,-49.63,246.44,-1.2,-0.06,2,981.15,26.887,42.49838,-83.440865,839.98,915.2893521,,0,48.412903,,18 / 21,115510,2018-07-23 11:58:09:467
0.0487,0.2245,9.7787,0.0114,0.2049,9.8045,0.0373,0.0201,1.00E-04,4.00E-04,1.00E-04,-4.00E-04,596,9.05,-3.69,-48.47,251.69,-1.2,-0.07,2,981.15,39.779,42.49838,-83.440865,839.98,915.2893521,,0,48.412903,,18 / 21,116012,2018-07-23 11:58:09:969
8.00E-04,0.1886,9.7764,0.0064,0.1991,9.8046,-0.0056,-0.01,-3.00E-04,4.00E-04,5.00E-04,-4.00E-04,596,8.35,-3.91,-48.1,249.41,-1.17,-0.04,2,981.15,32.072,42.49838,-83.440865,839.98,915.2893521,,0,48.412903,,18 / 21,116510,2018-07-23 11:58:10:467
0.0175,0.2125,9.7811,0.0073,0.2036,9.8045,0.0102,0.0095,0.0029,4.00E-04,5.00E-04,-4.00E-04,596,8.23,-3.55,-48.75,249.59,-1.18,-0.04,2,981.15,31.308,42.49838,-83.440865,839.98,915.2893521,,0,48.412903,,18 / 21,117012,2018-07-23 11:58:10:969
-0.0399,0.1694,9.7811,0.0029,0.1986,9.8046,-0.0429,-0.0286,0.0018,4.00E-04,-6.00E-04,-4.00E-04,596,8.5,-4.57,-49.24,243.61,-1.18,-0.05,2,981.15,56.752,42.49838,-83.440865,839.98,915.2893521,,0,48.412903,,18 / 21,117512,2018-07-23 11:58:11:469
-0.0208,0.1814,9.7764,0.0063,0.2025,9.8046,-0.027,-0.0205,-0.003,4.00E-04,-6.00E-04,-4.00E-04,596,7.59,-3.3,-47.92,255.96,-1.18,-0.04,2,981.15,44.876,42.49838,-83.440865,839.98,915.2893521,,0,48.412903,,18 / 21,118012,2018-07-23 11:58:11:969
0.0343,0.2365,9.7692,0.0065,0.2041,9.8045,0.0278,0.0329,-0.0096,4.00E-04,5.00E-04,-4.00E-04,596,9.16,-4.23,-49.36,251.59,-1.17,-0.02,2,981.15,26.63,42.49838,-83.440865,839.98,915.2893521,,0,48.412903,,18 / 21,118511,2018-07-23 11:58:12:468
0.0056,0.2173,9.7931,0.005,0.2038,9.8045,6.00E-04,0.0139,0.0108,4.00E-04,5.00E-04,-4.00E-04,596,6.86,-5.94,-49.28,234.67,-1.19,-0.03,2,981.15,54.54,42.49838,-83.440865,839.98,915.2893521,,0,48.412903,,18 / 21,119010,2018-07-23 11:58:12:967
0.0295,0.2293,9.7787,0.011,0.2128,9.8043,0.0185,0.017,-0.0042,4.00E-04,5.00E-04,7.00E-04,596,7.95,-3.12,-50.23,256.54,-1.23,-0.05,2,981.15,26.266,42.49838,-83.440865,839.98,915.2893521,,0,48.412903,,18 / 21,119511,2018-07-23 11:58:13:468
0.0965,0.1886,9.7764,0.0091,0.2046,9.8045,0.0875,-0.0155,-0.0056,0.0025,-0.0049,-0.0089,596,6.42,-4.08,-49.85,243.74,-1.2,0.02,2,981.15,26.526,42.49838,-83.440865,839.98,915.2893521,,0,48.412903,,18 / 21,120011,2018-07-23 11:58:13:968
-0.0615,0.179,9.7764,-0.0496,0.2159,9.8041,-0.012,-0.0365,-0.0074,-0.0028,0.0133,-0.7642,581,8.46,-1.7,-48.62,263.39,-1.28,0.22,2,981.15,58.707,42.49838,-83.440865,839.98,915.2893521,,0,48.412903,,18 / 21,120511,2018-07-23 11:58:14:468
0.0032,0.1838,9.6662,-0.004,0.2389,9.8037,0.0071,-0.0542,-0.103,-0.0071,0.0047,-0.0185,581,10.8,9.27,-39.94,312.24,-1.4,0.02,2,981.14,64.053,42.49838,-83.440865,839.98,915.2893521,,0,48.412903,,18 / 21,121010,2018-07-23 11:58:14:967
0.0215,0.1965,9.7803,0.0095,0.2145,9.8043,0.012,-0.0173,0.0049,0,1.00E-04,0,581,11.36,5.39,-38.21,297.89,-1.27,-0.05,2,981.14,41.172,42.49838,-83.440865,839.98,915.2893521,,0,48.412903,,18 / 21,121510,2018-07-23 11:58:15:467
0.0191,0.2189,9.7771,0.0165,0.2057,9.8045,0.0027,0.0137,-5.00E-04,0,1.00E-04,3.00E-04,581,12.36,7.45,-40.06,302.98,-1.19,-0.09,2,981.14,28.711,42.49838,-83.440865,839.98,915.2893521,,0,48.412903,,18 / 21,122010,2018-07-23 11:58:15:967
0.0191,0.1982,9.7819,0.0184,0.2019,9.8046,8.00E-04,-0.0032,0.0034,0,-2.00E-04,0,581,12.16,5.95,-39.12,299.4,-1.18,-0.11,2,981.14,60.453,42.49838,-83.440865,839.98,915.2893521,,0,48.412903,,18 / 21,122510,2018-07-23 11:58:16:467
0.0127,0.1942,9.7803,0.0191,0.2006,9.8046,-0.0063,-0.0058,0.0037,0,5.00E-04,0,581,11.76,5.36,-38.37,295.56,-1.17,-0.11,2,981.14,60.635,42.49838,-83.440865,839.98,915.2893521,,0,48.412903,,0 / 21,123009,2018-07-23 11:58:16:966
0.0199,0.2101,9.7692,0.0172,0.2019,9.8046,0.0028,0.0089,-0.0038,4.00E-04,5.00E-04,-4.00E-04,581,11.69,7.15,-39.99,302.92,-1.17,-0.1,2,981.14,59.346,42.49838,-83.440865,839.98,915.2893521,,0,48.412903,,0 / 21,123510,2018-07-23 11:58:17:467
0.0175,0.1838,9.7668,0.0184,0.1989,9.8046,-8.00E-04,-0.0144,-0.0039,-7.00E-04,-6.00E-04,-4.00E-04,581,12.05,7.44,-40.1,302.89,-1.16,-0.11,2,981.14,58.217,42.49838,-83.440865,839.98,915.2893521,,0,48.412903,,0 / 21,124011,2018-07-23 11:58:17:968
0.0295,0.1766,9.7644,0.019,0.1949,9.8047,0.0106,-0.0176,-0.0062,4.00E-04,-6.00E-04,-4.00E-04,581,11.55,8.33,-40.17,306.15,-1.18,-0.1,2,981.14,56.197,42.49838,-83.440865,839.98,915.2893521,,0,48.412903,,0 / 21,124511,2018-07-23 11:58:18:468
0.0319,0.2005,9.7668,0.0208,0.2019,9.8046,0.0112,-7.00E-04,-0.0047,4.00E-04,5.00E-04,-4.00E-04,581,12.26,8.73,-38.06,308.99,-1.18,-0.12,2,981.14,28.988,42.49838,-83.440865,839.98,915.2893521,,0,48.412903,,0 / 21,125011,2018-07-23 11:58:18:968
0.008,0.2149,9.7811,0.0161,0.1985,9.8046,-0.0081,0.017,0.0049,4.00E-04,5.00E-04,-4.00E-04,581,12.47,8.04,-39.7,306.08,-1.15,-0.11,2,981.14,30.753,42.49838,-83.440865,839.98,915.2893521,,0,48.412903,,0 / 21,125510,2018-07-23 11:58:19:467
0.0439,0.1982,9.7692,0.0199,0.2018,9.8046,0.024,-0.0031,-0.0077,4.00E-04,5.00E-04,7.00E-04,581,12.47,8.37,-39.64,306.13,-1.18,-0.12,2,981.14,62.576,42.49838,-83.440865,839.98,915.2893521,,0,48.412903,,0 / 21,126010,2018-07-23 11:58:19:967
0.0558,0.1886,9.7572,0.0233,0.2014,9.8046,0.0326,-0.0123,-0.0196,-7.00E-04,5.00E-04,7.00E-04,581,11.72,9.28,-39.57,309.16,-1.18,-0.09,2,981.14,60.199,42.49838,-83.440865,839.98,915.2893521,,0,48.412903,,0 / 21,126509,2018-07-23 11:58:20:466
8.00E-04,0.2125,9.7835,0.0204,0.2023,9.8045,-0.0195,0.0108,0.006,4.00E-04,5.00E-04,-4.00E-04,581,10.78,8.2,-40.58,308.58,-1.18,-0.12,2,981.14,53.817,42.49838,-83.440865,839.98,915.2893521,,0,48.412903,,0 / 21,127010,2018-07-23 11:58:20:967
0.0319,0.2269,9.7787,0.0195,0.2007,9.8046,0.0125,0.0267,-5.00E-04,-7.00E-04,-6.00E-04,-1.00E-04,581,10.72,8.39,-40.52,308.54,-1.15,-0.1,2,981.14,59.537,42.49838,-83.440865,839.98,915.2893521,,0,48.412903,,0 / 21,127510,2018-07-23 11:58:21:467
0.0223,0.1479,9.7716,0.0194,0.1946,9.8047,0.0029,-0.0462,-0.0082,3.00E-04,5.00E-04,-1.00E-04,581,11.71,8.79,-37.66,308.92,-1.14,-0.11,2,981.14,56.467,42.49838,-83.440865,839.98,915.2893521,,0,48.412903,,0 / 21,128010,2018-07-23 11:58:21:967
0.0343,0.1982,9.7787,0.0188,0.2004,9.8046,0.0155,-0.0017,-0.0022,3.00E-04,5.00E-04,-1.00E-04,581,12.57,7.58,-39.12,303.95,-1.17,-0.1,2,981.14,56.515,42.49838,-83.440865,839.98,915.2893521,,0,48.412903,,0 / 21,128510,2018-07-23 11:58:22:467
0.0104,0.1886,9.7883,0.0201,0.196,9.8047,-0.0097,-0.007,0.0072,3.00E-04,5.00E-04,-1.00E-04,581,12.05,7.23,-39.73,302.84,-1.15,-0.12,2,981.14,55.645,42.49838,-83.440865,839.98,915.2893521,,0,48.412903,,0 / 21,129011,2018-07-23 11:58:22:968
-0.0256,0.1646,9.7931,0.0161,0.1976,9.8046,-0.0417,-0.0325,0.0104,3.00E-04,5.00E-04,-1.00E-04,581,11.27,8.4,-39.72,308.51,-1.19,-0.14,2,981.14,27.961,42.49838,-83.440865,839.98,915.2893521,,0,48.412903,,0 / 21,129510,2018-07-23 11:58:23:467
0.0295,0.1886,9.7787,0.0169,0.1974,9.8046,0.0126,-0.0084,-0.0027,3.00E-04,5.00E-04,-1.00E-04,581,12.76,7.73,-39.55,303.96,-1.15,-0.1,2,981.14,59.409,42.49838,-83.440865,839.98,915.2893521,,0,48.412903,,0 / 21,130011,2018-07-23 11:58:23:968
0.0191,0.179,9.7835,0.0179,0.1978,9.8046,0.0013,-0.0184,8.00E-04,3.00E-04,1.00E-04,-1.00E-04,581,12.12,6.24,-39.52,299.44,-1.17,-0.1,2,981.14,26.625,42.49838,-83.440865,839.98,915.2893521,,0,48.412903,,0 / 21,130511,2018-07-23 11:58:24:468
0.0112,0.1878,9.7867,0.0167,0.1982,9.8046,-0.0055,-0.01,0.0036,3.00E-04,0.0022,-0.0015,581,11.9,5.97,-39.38,299.36,-1.16,-0.11,2,981.14,27.486,42.49838,-83.440865,839.98,915.2893521,,0,48.412903,,16 / 22,131010,2018-07-23 11:58:24:967
0.0367,0.1838,9.7859,0.02,0.1992,9.8046,0.0167,-0.015,0.0036,-7.00E-04,-6.00E-04,-1.00E-04,581,12.59,8.91,-39.09,306.86,-1.18,-0.1,2,981.14,58.298,42.49838,-83.440865,839.98,915.2893521,,0,48.412903,,16 / 22,131511,2018-07-23 11:58:25:468
0.0104,0.1958,9.7835,0.0175,0.2016,9.8046,-0.0071,-0.0054,0.0029,3.00E-04,5.00E-04,9.00E-04,581,12.36,9.76,-40.92,311.92,-1.18,-0.11,2,981.14,62.31,42.49838,-83.440865,839.98,915.2893521,,0,48.412903,,16 / 22,132012,2018-07-23 11:58:25:969
0.0199,0.2053,9.7764,0.0157,0.2005,9.8046,0.0043,0.0054,-0.0031,3.00E-04,5.00E-04,-1.00E-04,581,13.18,9.57,-40.78,309.66,-1.17,-0.09,2,981.14,38.646,42.49838,-83.440865,839.98,915.2893521,,0,48.412903,,16 / 22,132513,2018-07-23 11:58:26:470
0.008,0.2029,9.7835,0.017,0.2008,9.8046,-0.009,0.0027,0.0033,-7.00E-04,5.00E-04,-1.00E-04,581,12.67,10.07,-39.07,309.55,-1.17,-0.11,2,981.14,56.962,42.49838,-83.440865,839.98,915.2893521,,0,48.412903,,16 / 22,133009,2018-07-23 11:58:26:966
0.0295,0.2149,9.7835,0.0196,0.1998,9.8046,0.0099,0.0156,0.0016,3.00E-04,5.00E-04,-1.00E-04,581,10.17,8.37,-38.46,311.03,-1.16,-0.11,2,981.14,58.819,42.49838,-83.440865,839.98,915.2893521,,0,48.412903,,16 / 22,133511,2018-07-23 11:58:27:468
0.0247,0.1742,9.7859,0.0181,0.199,9.8046,0.0067,-0.0244,0.0013,3.00E-04,-6.00E-04,-1.00E-04,581,11.9,10.38,-39.23,311.83,-1.18,-0.1,2,981.14,61.206,42.49838,-83.440865,839.98,915.2893521,,0,48.412903,,16 / 22,134010,2018-07-23 11:58:27:967
0.0151,0.2125,9.7907,0.0149,0.1993,9.8046,3.00E-04,0.0136,0.0031,3.00E-04,-6.00E-04,-1.00E-04,581,11.54,8.16,-38.53,306.07,-1.15,-0.09,2,981.13,57.035,42.49838,-83.440865,839.98,915.2893521,,0,48.412903,,16 / 22,134511,2018-07-23 11:58:28:468
0.008,0.2963,9.7931,0.0164,0.206,9.8045,-0.0084,0.0907,0.0054,3.00E-04,5.00E-04,-0.0012,581,12.71,6.92,-40.75,300.86,-1.14,-0.1,2,981.13,53.649,42.49838,-83.440865,839.98,915.2893521,,0,48.412903,,16 / 22,135011,2018-07-23 11:58:28:968
0.0319,0.1982,9.7835,0.0193,0.2,9.8046,0.0127,-0.0015,-0.0031,3.00E-04,5.00E-04,-1.00E-04,581,11.81,8.55,-40.35,309.11,-1.17,-0.1,2,981.13,42.678,42.49838,-83.440865,839.98,915.2893521,,0,48.412903,,16 / 22,135513,2018-07-23 11:58:29:470
0.0127,0.1718,9.7883,0.0174,0.1991,9.8046,-0.0047,-0.0269,0.0014,3.00E-04,5.00E-04,-1.00E-04,581,12.06,8.07,-40.14,306.16,-1.18,-0.11,2,981.13,61.589,42.49838,-83.440865,839.98,915.2893521,,0,48.412903,,16 / 22,136011,2018-07-23 11:58:29:968
0.0032,0.1718,9.7835,0.0162,0.2004,9.8046,-0.013,-0.0282,-0.0025,-7.00E-04,5.00E-04,-1.00E-04,581,11.4,10.48,-40.92,314.41,-1.19,-0.11,2,981.13,58.622,42.49838,-83.440865,839.98,915.2893521,,0,48.412903,,16 / 22,136512,2018-07-23 11:58:30:469
0.0367,0.2269,9.7835,0.0174,0.2041,9.8045,0.0193,0.0232,-0.0027,-7.00E-04,-6.00E-04,9.00E-04,581,12.4,9.21,-39.03,309.1,-1.18,-0.09,2,981.14,56.239,42.49838,-83.440865,839.98,915.2893521,,0,48.412903,,16 / 22,137009,2018-07-23 11:58:30:966
0.0104,0.2005,9.7859,0.0188,0.1995,9.8046,-0.0084,0.0014,5.00E-04,-7.00E-04,5.00E-04,9.00E-04,581,11.83,8.19,-39.97,306.11,-1.17,-0.12,2,981.14,58.898,42.49838,-83.440865,839.98,915.2893521,,0,48.412903,,16 / 22,137511,2018-07-23 11:58:31:468
0.0223,0.2029,9.7787,0.0195,0.2014,9.8046,0.0029,0.002,-0.0048,3.00E-04,0.0015,-1.00E-04,581,11.81,9.03,-39.23,309.05,-1.17,-0.12,2,981.14,56.042,42.49838,-83.440865,839.98,915.2893521,,0,48.412903,,16 / 22,138011,2018-07-23 11:58:31:968
0.0127,0.1694,9.7883,0.0169,0.1996,9.8046,-0.0042,-0.0298,0.0017,3.00E-04,-6.00E-04,-1.00E-04,581,13.05,9.12,-39.15,306.88,-1.19,-0.1,2,981.14,59.982,42.49838,-83.440865,839.98,915.2893521,,0,48.412903,,16 / 22,138511,2018-07-23 11:58:32:468
0.0343,0.2341,9.8745,0.023,0.202,9.8045,0.0113,0.0323,0.0801,-0.0018,-0.0049,-0.0225,581,11.28,8.37,-40.39,308.48,-1.16,-0.12,2,981.14,51.565,42.49838,-83.440865,839.98,915.2893521,,0,48.412903,,16 / 22,139010,2018-07-23 11:58:32:967
0.0072,0.1934,9.7867,0.0189,0.1998,9.8046,-0.0117,-0.0061,-0.0026,0,1.00E-04,-0.0012,581,12.09,6.59,-38.74,302.83,-1.17,-0.12,2,981.14,30.806,42.49838,-83.440865,839.98,915.2893521,,0,48.412903,,16 / 22,139511,2018-07-23 11:58:33:468
0.0327,0.2053,9.7787,0.0193,0.1988,9.8046,0.0135,0.0069,-0.008,0,1.00E-04,-8.00E-04,581,10.63,2.12,-37.42,283.94,-1.16,-0.11,2,981.14,33.97,42.49838,-83.440865,839.98,915.2893521,,0,48.412903,,0 / 21,140009,2018-07-23 11:58:33:966
0.008,0.1814,9.7835,0.0178,0.1975,9.8046,-0.0098,-0.0157,-9.00E-04,3.00E-04,5.00E-04,-1.00E-04,581,10.63,7.4,-39.96,305.19,-1.17,-0.11,2,981.14,50.75,42.49838,-83.440865,839.98,915.2893521,,0,48.412903,,0 / 21,140510,2018-07-23 11:58:34:467
0.0487,0.2293,9.7764,0.0216,0.2015,9.8046,0.0271,0.0283,-0.0037,3.00E-04,5.00E-04,-1.00E-04,581,11.74,6.19,-39.54,299.4,-1.16,-0.11,2,981.14,52.243,42.49838,-83.440865,839.98,915.2893521,,0,48.412903,,0 / 21,141009,2018-07-23 11:58:34:966
-0.016,0.1574,9.7931,0.0163,0.1992,9.8046,-0.0322,-0.0412,0.0151,3.00E-04,5.00E-04,-1.00E-04,581,10.71,8.83,-39.73,311.57,-1.19,-0.12,2,981.14,25.237,42.49838,-83.440865,839.98,915.2893521,,0,48.412903,,0 / 21,141510,2018-07-23 11:58:35:467
0.0391,0.2053,9.7692,0.0187,0.202,9.8046,0.0204,0.004,-0.0062,3.00E-04,5.00E-04,-1.00E-04,581,12.24,8.59,-38.79,309.08,-1.18,-0.1,2,981.14,38.046,42.49838,-83.440865,839.98,915.2893521,,0,48.412903,,0 / 21,142012,2018-07-23 11:58:35:969
0.0151,-0.1083,9.7668,0.016,0.1647,9.8053,-8.00E-04,-0.2725,-0.0088,-7.00E-04,5.00E-04,-0.0022,581,11.97,8.13,-40.38,305.76,-0.99,-0.09,2,981.14,41.337,42.49838,-83.440865,839.98,915.2893521,,0,48.412903,,0 / 21,142510,2018-07-23 11:58:36:467
0.0415,0.3083,9.7811,0.0165,0.1951,9.8047,0.025,0.1137,0.0029,3.00E-04,5.00E-04,9.00E-04,581,11.76,6.9,-39.88,302.69,-1.06,-0.08,2,981.14,48.521,42.49838,-83.440865,839.98,915.2893521,,0,48.412903,,0 / 21,143010,2018-07-23 11:58:36:967
0.0104,0.1359,9.7787,0.0183,0.1929,9.8047,-0.0079,-0.0566,-0.0015,3.00E-04,5.00E-04,-1.00E-04,581,12.9,8.64,-40.14,306.88,-1.17,-0.11,2,981.15,53.519,42.49838,-83.440865,839.98,915.2893521,,0,48.412903,,0 / 21,143511,2018-07-23 11:58:37:468
0.0343,0.2412,9.7668,0.0186,0.2016,9.8046,0.0157,0.0402,-0.0143,3.00E-04,5.00E-04,9.00E-04,581,11.31,9.96,-38.85,314.24,-1.15,-0.1,2,981.16,46.614,42.49838,-83.440865,839.98,915.2893521,,0,48.412903,,0 / 21,144013,2018-07-23 11:58:37:970
0.0223,0.1814,9.7787,0.0169,0.1983,9.8046,0.0055,-0.0164,-0.0033,3.00E-04,5.00E-04,-1.00E-04,581,10.63,7.89,-40.48,308.54,-1.17,-0.1,2,981.16,50.856,42.49838,-83.440865,839.98,915.2893521,,0,48.412903,,0 / 21,144511,2018-07-23 11:58:38:468
0.0127,0.1958,9.7907,0.0169,0.1996,9.8046,-0.0042,-0.0034,0.0061,3.00E-04,5.00E-04,-1.00E-04,581,11.37,9.35,-38.83,311.5,-1.17,-0.1,2,981.16,43.031,42.49838,-83.440865,839.98,915.2893521,,0,48.412903,,0 / 21,145012,2018-07-23 11:58:38:969
0.0223,0.2077,9.7835,0.0182,0.202,9.8046,0.0042,0.0062,-4.00E-04,3.00E-04,5.00E-04,9.00E-04,581,12.48,8.96,-39.08,309.06,-1.17,-0.1,2,981.16,51.528,42.49838,-83.440865,839.98,915.2893521,,0,48.412903,,0 / 21,145512,2018-07-23 11:58:39:469
0.0056,0.1934,9.7931,0.0163,0.199,9.8046,-0.0107,-0.0052,0.0078,3.00E-04,5.00E-04,-0.0012,581,13.32,8.75,-39.78,306.89,-1.17,-0.1,2,981.16,48.821,42.49838,-83.440865,839.98,915.2893521,,0,48.412903,,0 / 21,146011,2018-07-23 11:58:39:968
0.0151,0.2005,9.7907,0.0188,0.2005,9.8046,-0.0036,5.00E-04,0.0048,-7.00E-04,5.00E-04,-1.00E-04,581,11.44,8.64,-39.92,311.54,-1.17,-0.11,2,981.16,27.673,42.49838,-83.440865,839.98,915.2893521,,0,48.412903,,0 / 21,146511,2018-07-23 11:58:40:468
0.0247,0.2029,9.7883,0.0176,0.2019,9.8046,0.0071,0.0014,0.0011,3.00E-04,5.00E-04,9.00E-04,581,11.51,7.83,-39.45,306.1,-1.18,-0.1,2,981.15,25.639,42.49838,-83.440865,839.98,915.2893521,,0,48.412903,,0 / 21,147012,2018-07-23 11:58:40:969
0.0104,0.1982,9.7931,0.0167,0.2013,9.8046,-0.0063,-0.0028,0.0053,3.00E-04,5.00E-04,-1.00E-04,581,12.3,9.72,-39.83,311.87,-1.18,-0.1,2,981.15,29.169,42.49838,-83.440865,839.98,915.2893521,,0,48.412903,,0 / 21,147510,2018-07-23 11:58:41:467
0.0104,0.2005,9.7452,0.0126,0.2028,9.8045,-0.0022,-0.0018,-0.0376,0.0025,0.0122,-0.0097,581,11.46,8.14,-39.94,308.55,-1.18,-0.1,2,981.15,25.813,42.49838,-83.440865,839.98,915.2893521,,0,48.412903,,0 / 21,148011,2018-07-23 11:58:41:968
0.0223,0.1886,9.7859,0.0155,0.1998,9.8046,0.0069,-0.0108,3.00E-04,-4.00E-04,5.00E-04,6.00E-04,581,11.22,5.7,-40.47,301.66,-1.18,-0.09,2,981.15,63.203,42.49838,-83.440865,839.98,915.2893521,,0,48.412903,,0 / 21,148510,2018-07-23 11:58:42:467
0.0127,0.2029,9.7875,0.0174,0.2007,9.8046,-0.0046,0.0026,0.0025,0,-2.00E-04,2.00E-04,581,12.14,4.52,-37.87,295.58,-1.17,-0.1,2,981.14,60.489,42.49838,-83.440865,839.98,915.2893521,,0,48.412903,,15 / 21,149010,2018-07-23 11:58:42:967
0.0367,0.2125,9.7668,0.0193,0.2004,9.8046,0.0175,0.0127,-0.0102,3.00E-04,5.00E-04,-1.00E-04,581,11.71,7.34,-39.71,302.9,-1.16,-0.1,2,981.14,59.469,42.49838,-83.440865,839.98,915.2893521,,0,48.412903,,15 / 21,149510,2018-07-23 11:58:43:467
0.008,0.2005,9.7811,0.0179,0.1982,9.8046,-0.0099,0.003,0.0065,-7.00E-04,5.00E-04,-1.00E-04,581,11.4,6.04,-40.13,301.56,-1.16,-0.11,2,981.14,58.794,42.49838,-83.440865,839.98,915.2893521,,0,48.412903,,0 / 21,150010,2018-07-23 11:58:43:967
0.0175,0.1958,9.7692,0.0184,0.2002,9.8046,-8.00E-04,-0.0038,-0.0032,3.00E-04,5.00E-04,-1.00E-04,581,11.48,9.42,-39.01,311.49,-1.17,-0.11,2,981.14,54.26,42.49838,-83.440865,839.98,915.2893521,,0,48.412903,,0 / 21,150510,2018-07-23 11:58:44:467
0.0343,0.1862,9.7668,0.0186,0.1978,9.8046,0.0158,-0.011,-0.0063,3.00E-04,-6.00E-04,-1.00E-04,581,13.21,8.14,-41.01,304.05,-1.16,-0.1,2,981.14,44.166,42.49838,-83.440865,839.98,915.2893521,,0,48.412903,,0 / 21,151011,2018-07-23 11:58:44:968
0.0175,0.1574,9.774,0.0197,0.1964,9.8047,-0.0022,-0.0383,-0.0012,-7.00E-04,5.00E-04,-1.00E-04,581,12.01,9.59,-39.66,311.84,-1.18,-0.12,2,981.14,57.596,42.49838,-83.440865,839.98,915.2893521,,0,48.412903,,0 / 21,151510,2018-07-23 11:58:45:467
0.0271,0.1958,9.7692,0.019,0.2004,9.8046,0.0082,-0.004,-0.0079,3.00E-04,-6.00E-04,-1.00E-04,581,10.76,10.07,-38.9,314.28,-1.17,-0.1,2,981.14,60.441,42.49838,-83.440865,839.98,915.2893521,,0,48.412903,,0 / 21,152012,2018-07-23 11:58:45:969
0.0199,0.1934,9.7764,0.0197,0.1998,9.8046,3.00E-04,-0.0059,-0.0024,3.00E-04,5.00E-04,-1.00E-04,581,11.43,7.41,-39.85,305.2,-1.17,-0.12,2,981.14,56.352,42.49838,-83.440865,839.98,915.2893521,,0,48.412903,,0 / 21,152511,2018-07-23 11:58:46:468
0.0199,0.1886,9.7811,0.0175,0.199,9.8046,0.0025,-0.0099,0,-7.00E-04,-6.00E-04,-1.00E-04,581,11.69,8.76,-38.89,309.07,-1.17,-0.1,2,981.14,60.072,42.49838,-83.440865,839.98,915.2893521,,0,48.412903,,0 / 21,153012,2018-07-23 11:58:46:969
-0.1237,0.2245,9.7811,0.0116,0.2224,9.8041,-0.1353,0.0026,-4.00E-04,0.0025,-0.0081,0.4963,581,11.84,8.93,-39.51,309.33,-1.29,-0.12,2,981.14,54.195,42.49838,-83.440865,839.98,915.2893521,,0,48.412903,,0 / 21,153511,2018-07-23 11:58:47:468
0.0271,0.1766,9.7787,0.0523,0.2054,9.8044,-0.025,-0.0284,-0.0054,3.00E-04,-6.00E-04,0.0148,570,11.16,8.68,-41.39,311.31,-1.22,-0.32,2,981.14,61.037,42.49838,-83.440865,839.98,915.2893521,,0,48.412903,,0 / 21,154011,2018-07-23 11:58:47:968
0.0271,0.2125,9.7931,0.0406,0.2149,9.8042,-0.0134,-0.0021,0.0052,3.00E-04,-2.00E-04,2.00E-04,570,10.85,9.65,-40.86,314.27,-1.26,-0.25,2,981.14,55.161,42.49838,-83.440865,839.98,915.2893521,,0,48.412903,,0 / 21,154513,2018-07-23 11:58:48:470
0.0343,0.2197,9.7915,0.038,0.2215,9.8041,-0.0037,-0.0015,0.0027,-4.00E-04,-2.00E-04,6.00E-04,570,11.15,9.37,-40.07,311.59,-1.29,-0.22,2,981.14,40.615,42.49838,-83.440865,839.98,915.2893521,,0,48.412903,,0 / 21,155012,2018-07-23 11:58:48:969
0.0391,0.2077,9.7811,0.0375,0.2292,9.8039,0.0016,-0.0212,-0.0084,3.00E-04,5.00E-04,9.00E-04,570,11.62,10.4,-40.97,312.02,-1.32,-0.2,2,981.14,58.201,42.49838,-83.440865,839.98,915.2893521,,0,48.412903,,0 / 21,155510,2018-07-23 11:58:49:467
0.0271,0.2293,9.7979,0.0358,0.2235,9.804,-0.0086,0.0061,0.0076,0.0014,5.00E-04,-1.00E-04,570,11.52,9.35,-42.43,309.32,-1.31,-0.21,2,981.15,54.053,42.49838,-83.440865,839.98,915.2893521,,0,48.412903,,0 / 21,156009,2018-07-23 11:58:49:966
0.0678,0.2628,9.7883,0.0383,0.2313,9.8038,0.0295,0.0317,-0.0023,3.00E-04,5.00E-04,9.00E-04,570,11.76,8.94,-41.64,309.38,-1.33,-0.21,2,981.15,59.206,42.49838,-83.440865,839.98,915.2893521,,0,48.412903,,0 / 21,156511,2018-07-23 11:58:50:468
0.0511,0.1934,9.6902,0.0425,0.2285,9.8039,0.0086,-0.0347,-0.0917,3.00E-04,0.0037,-1.00E-04,570,11.17,9.53,-41.59,314.5,-1.36,-0.25,2,981.15,40.105,42.49838,-83.440865,839.98,915.2893521,,0,48.412903,,0 / 21,157011,2018-07-23 11:58:50:968
0.0335,0.2365,9.7899,0.0401,0.2297,9.8039,-0.0065,0.0073,0.0091,0,-2.00E-04,-5.00E-04,570,10.25,7.68,-39.43,311.23,-1.34,-0.24,2,981.14,52.528,42.49838,-83.440865,839.98,915.2893521,,0,48.412903,,0 / 21,157510,2018-07-23 11:58:51:467
0.0471,0.2221,9.7851,0.0391,0.2261,9.804,0.0081,-0.0036,2.00E-04,0.0025,0.0012,0.0038,570,11.8,6.82,-40.08,303.07,-1.32,-0.22,2,981.14,53.346,42.49838,-83.440865,839.98,915.2893521,,0,48.412903,,16 / 24,158009,2018-07-23 11:58:51:966
0.0535,0.1958,9.774,0.0391,0.2249,9.804,0.0144,-0.0287,-0.0105,3.00E-04,5.00E-04,-1.00E-04,570,11.36,10.28,-42.27,314.52,-1.33,-0.22,2,981.15,62.317,42.49838,-83.440865,839.98,915.2893521,,0,48.412903,,16 / 24,158510,2018-07-23 11:58:52:467
0.0606,0.2005,9.7835,0.0428,0.2281,9.8039,0.0179,-0.0271,2.00E-04,-7.00E-04,5.00E-04,9.00E-04,570,11.25,10.17,-39.03,314.37,-1.35,-0.24,2,981.15,55.285,42.49838,-83.440865,839.98,915.2893521,,0,48.412903,,16 / 24,159013,2018-07-23 11:58:52:970
0.0319,0.2604,9.7955,0.0409,0.2308,9.8038,-0.0089,0.03,0.0103,2.00E-04,3.00E-04,-1.00E-04,570,10.5,11.78,-41.28,319.19,-1.33,-0.25,2,981.15,57.173,42.49838,-83.440865,839.98,915.2893521,,0,48.412903,,16 / 24,159510,2018-07-23 11:58:53:467
0.0343,0.2341,9.7907,0.0404,0.2284,9.8039,-0.006,0.006,0.0043,-9.00E-04,3.00E-04,9.00E-04,570,10.48,10.24,-42.09,317.16,-1.33,-0.24,2,981.15,54.975,42.49838,-83.440865,839.98,915.2893521,,0,48.412903,,16 / 24,160011,2018-07-23 11:58:53:968
0.0367,0.2149,9.7835,0.0403,0.2261,9.804,-0.0035,-0.0108,-0.0042,-9.00E-04,-8.00E-04,-1.00E-04,570,11.47,9.99,-40.61,314.43,-1.33,-0.24,2,981.15,55.44,42.49838,-83.440865,839.98,915.2893521,,0,48.412903,,16 / 24,160511,2018-07-23 11:58:54:468
0.0367,0.27,9.7907,0.041,0.2287,9.8039,-0.0043,0.0417,0.0029,2.00E-04,3.00E-04,9.00E-04,570,12.04,11.06,-41.66,314.46,-1.31,-0.24,2,981.15,60.958,42.49838,-83.440865,839.98,915.2893521,,0,48.412903,,16 / 24,161012,2018-07-23 11:58:54:969
0.0319,0.2101,9.7907,0.0416,0.228,9.8039,-0.0096,-0.0176,0.0026,2.00E-04,3.00E-04,9.00E-04,570,10.38,9.12,-42.4,314.43,-1.34,-0.25,2,981.15,55.198,42.49838,-83.440865,839.98,915.2893521,,0,48.412903,,16 / 24,161510,2018-07-23 11:58:55:467
0.0439,0.2245,9.7907,0.0449,0.2284,9.8039,-9.00E-04,-0.0035,0.003,2.00E-04,3.00E-04,9.00E-04,570,10.73,10.36,-42.97,314.49,-1.34,-0.26,2,981.15,55.966,42.49838,-83.440865,839.98,915.2893521,,0,48.412903,,16 / 24,162011,2018-07-23 11:58:55:968
-0.0375,0.2484,9.8027,0.0156,0.2286,9.804,-0.0531,0.0201,0.0127,-9.00E-04,0.0014,-0.2941,570,10.06,11.98,-41.04,322.01,-1.32,-0.15,2,981.15,59.815,42.49838,-83.440865,839.98,915.2893521,,0,48.412903,,16 / 24,162511,2018-07-23 11:58:56:468
0.0223,0.1766,9.8051,0.0261,0.2093,9.8044,-0.0037,-0.0324,0.0154,-0.0051,0.0046,-1.00E-04,570,9.46,13.31,-40.82,326.73,-1.26,-0.17,2,981.15,58.778,42.49838,-83.440865,839.98,915.2893521,,0,48.412903,,16 / 24,163010,2018-07-23 11:58:56:967
0.0335,0.2317,9.7891,0.0257,0.2096,9.8044,0.0078,0.0224,-0.0023,-5.00E-04,0,-1.00E-04,570,8.28,12.51,-41.91,329.72,-1.21,-0.14,2,981.15,53.114,42.49838,-83.440865,839.98,915.2893521,,0,48.412903,,16 / 24,163511,2018-07-23 11:58:57:468
0.0199,0.2125,9.7899,0.025,0.2085,9.8044,-0.005,0.0043,-0.0018,-2.00E-04,0,-1.00E-04,570,9.38,13.77,-41.65,328.55,-1.22,-0.15,2,981.15,60.98,42.49838,-83.440865,839.98,915.2893521,,0,48.412903,,16 / 24,164010,2018-07-23 11:58:57:967
0.0271,0.2149,9.7859,0.025,0.2092,9.8044,0.0021,0.006,-0.0041,2.00E-04,-8.00E-04,-1.00E-04,570,9.97,13.45,-40.47,323.91,-1.23,-0.14,2,981.15,51.566,42.49838,-83.440865,839.98,915.2893521,,0,48.412903,,16 / 24,164510,2018-07-23 11:58:58:467
0.0199,0.1958,9.7955,0.027,0.207,9.8044,-0.007,-0.0109,0.0058,-9.00E-04,3.00E-04,-1.00E-04,570,9.68,15.12,-41.51,327.51,-1.22,-0.16,2,981.16,25.201,42.49838,-83.440865,839.98,915.2893521,,0,48.412903,,16 / 24,165010,2018-07-23 11:58:58:967
0.0247,0.191,9.7883,0.0262,0.2083,9.8044,-0.0014,-0.017,-2.00E-04,2.00E-04,3.00E-04,-1.00E-04,570,7.69,13.28,-40.85,329.69,-1.23,-0.16,2,981.16,25.555,42.49838,-83.440865,839.98,915.2893521,,0,48.412903,,16 / 24,165511,2018-07-23 11:58:59:468
0.0247,0.2317,9.7955,0.0259,0.2089,9.8044,-0.0011,0.0231,0.005,2.00E-04,3.00E-04,-1.00E-04,570,9.01,12.57,-41.87,326.74,-1.22,-0.15,2,981.16,27.904,42.49838,-83.440865,839.98,915.2893521,,0,48.412903,,16 / 24,166011,2018-07-23 11:58:59:968
0.0191,0.246,9.7955,0.0255,0.2109,9.8044,-0.0063,0.0355,0.0048,-2.00E-04,0,6.00E-04,561,8.97,12.03,-40.63,324.69,-1.21,-0.15,2,981.16,39.776,42.49838,-83.440865,839.98,915.2893521,,0,48.412903,,16 / 24,166511,2018-07-23 11:59:00:468
0.0343,0.1806,9.7779,0.0266,0.2064,9.8044,0.0078,-0.0255,-0.012,-9.00E-04,0,-1.00E-04,568,9,9.91,-41.22,320,-1.21,-0.16,2,981.16,26.795,42.49838,-83.440865,839.98,915.2893521,,0,48.412903,,0 / 24,167011,2018-07-23 11:59:00:968
0.0175,0.1982,9.7835,0.0255,0.2107,9.8044,-0.0079,-0.0122,-0.0056,2.00E-04,-8.00E-04,-1.00E-04,568,9.41,10.56,-41.47,322.53,-1.24,-0.15,2,981.16,33.795,42.49838,-83.440865,839.98,915.2893521,,0,48.412903,,0 / 24,167510,2018-07-23 11:59:01:467
0.0271,0.2436,9.7764,0.0289,0.2159,9.8042,-0.0017,0.0282,-0.0044,-9.00E-04,3.00E-04,9.00E-04,568,9.4,11.3,-41.56,322.54,-1.24,-0.17,2,981.17,28.273,42.49838,-83.440865,839.98,915.2893521,,0,48.412903,,0 / 24,168010,2018-07-23 11:59:01:967
0.0056,0.2173,9.7811,0.023,0.2127,9.8043,-0.0174,0.0052,0.0028,-4.00E-04,-5.00E-04,0,568,8.56,12.37,-41.35,324.75,-1.24,-0.15,2,981.17,27.492,42.49838,-83.440865,839.98,915.2893521,,0,48.412903,,0 / 24,168511,2018-07-23 11:59:02:468
0.0415,0.191,9.7716,0.0245,0.2124,9.8043,0.0171,-0.0208,-0.0053,-4.00E-04,5.00E-04,0,568,8.91,13.47,-40.68,326.8,-1.26,-0.13,2,981.17,28.453,42.49838,-83.440865,839.98,915.2893521,,0,48.412903,,0 / 24,169012,2018-07-23 11:59:02:969
0.0104,0.2077,9.7835,0.024,0.213,9.8043,-0.0136,-0.0048,0.0032,7.00E-04,5.00E-04,0.001,568,9.21,13.46,-40.28,326.71,-1.25,-0.15,2,981.17,28.159,42.49838,-83.440865,839.98,915.2893521,,0,48.412903,,0 / 24,169510,2018-07-23 11:59:03:467
0.0295,0.2436,9.7787,0.0223,0.2143,9.8043,0.0073,0.0299,-0.004,7.00E-04,-5.00E-04,0,568,7.4,13.17,-40.63,332.94,-1.23,-0.12,2,981.17,26.238,42.49838,-83.440865,839.98,915.2893521,,0,48.412903,,0 / 24,170011,2018-07-23 11:59:03:968
0.0463,0.2173,9.7811,0.0288,0.2161,9.8042,0.0176,0.0017,-0.002,7.00E-04,5.00E-04,0.001,568,10.4,13.54,-40.6,325.83,-1.26,-0.16,2,981.17,31.043,42.49838,-83.440865,839.98,915.2893521,,0,48.412903,,0 / 24,170511,2018-07-23 11:59:04:468
-0.0016,0.1934,9.8003,0.019,0.2091,9.8044,-0.0206,-0.0154,0.012,7.00E-04,-5.00E-04,-0.0011,568,10.8,12.1,-41.53,319.31,-1.23,-0.12,2,981.17,34.227,42.49838,-83.440865,839.98,915.2893521,,0,48.412903,,0 / 24,171012,2018-07-23 11:59:04:969
0.0511,0.2173,9.7835,0.0259,0.2139,9.8043,0.0252,0.0038,-0.0043,-4.00E-04,5.00E-04,0,568,10.01,11.94,-41.44,321.93,-1.25,-0.13,2,981.17,28.232,42.49838,-83.440865,839.98,915.2893521,,0,48.412903,,0 / 24,171511,2018-07-23 11:59:05:468
0.0104,0.2125,9.7955,0.0237,0.2124,9.8043,-0.0133,4.00E-04,0.0056,-4.00E-04,-5.00E-04,0.001,568,9.99,12.91,-42.64,324.02,-1.24,-0.15,2,981.17,61.669,42.49838,-83.440865,839.98,915.2893521,,0,48.412903,,0 / 24,172011,2018-07-23 11:59:05:968
0.0175,0.2077,9.7907,0.0227,0.2106,9.8044,-0.0052,-0.0026,0,7.00E-04,-5.00E-04,0,568,10.35,14.37,-39.54,325.8,-1.23,-0.14,2,981.17,63.004,42.49838,-83.440865,839.98,915.2893521,,0,48.412903,,0 / 24,172510,2018-07-23 11:59:06:467
0.0271,0.2293,9.7931,0.0244,0.216,9.8042,0.0027,0.0136,0.0029,7.00E-04,5.00E-04,0.001,577,8.72,14.02,-41.93,328.6,-1.25,-0.14,2,981.18,62.106,42.49838,-83.440865,839.98,915.2893521,,0,48.412903,,0 / 24,173010,2018-07-23 11:59:06:967
0.0175,0.2317,9.7955,0.0218,0.209,9.8044,-0.0042,0.023,0.0051,7.00E-04,-5.00E-04,0,577,8.74,13.93,-42.26,328.56,-1.2,-0.13,2,981.18,53.937,42.49838,-83.440865,839.98,915.2893521,,0,48.412903,,0 / 24,173511,2018-07-23 11:59:07:468
0.0223,0.2053,9.7907,0.024,0.2101,9.8044,-0.0017,-0.0044,5.00E-04,-4.00E-04,5.00E-04,0,577,8.35,13.96,-41.84,331.45,-1.23,-0.14,2,981.18,30.633,42.49838,-83.440865,839.98,915.2893521,,0,48.412903,,0 / 24,174012,2018-07-23 11:59:07:969
0.0199,0.2029,9.7907,0.0242,0.2121,9.8043,-0.0042,-0.0088,-3.00E-04,7.00E-04,-5.00E-04,0,577,9.34,12.26,-41.35,324.77,-1.24,-0.14,2,981.18,29.345,42.49838,-83.440865,839.98,915.2893521,,0,48.412903,,0 / 24,174510,2018-07-23 11:59:08:467
0.0343,0.2197,9.7835,0.0227,0.2136,9.8043,0.0116,0.0063,-0.008,-0.0057,0.0101,0.0255,577,9.5,13.54,-41.38,328.57,-1.26,-0.14,2,981.17,26.186,42.49838,-83.440865,839.98,915.2893521,,0,48.412903,,0 / 24,175011,2018-07-23 11:59:08:968
0.0151,0.2101,9.7971,0.0219,0.2125,9.8043,-0.0068,-0.0022,0.0032,7.00E-04,-2.00E-04,3.00E-04,577,7.85,10.47,-42.42,323.41,-1.24,-0.13,2,981.17,28.481,42.49838,-83.440865,839.98,915.2893521,,0,48.412903,,0 / 24,175511,2018-07-23 11:59:09:468
0.0191,0.2021,9.7923,0.0213,0.2106,9.8044,-0.0022,-0.0082,-8.00E-04,0,0.0016,0.0021,577,9.72,8.1,-39.63,311.29,-1.24,-0.13,2,981.17,57.562,42.49838,-83.440865,839.98,915.2893521,,0,48.412903,,15 / 22,176009,2018-07-23 11:59:09:966
0.0247,0.2077,9.7859,0.0216,0.2118,9.8043,0.0032,-0.0038,-0.0049,-4.00E-04,5.00E-04,0,577,8.61,10.47,-41.68,320.18,-1.24,-0.13,2,981.17,43.049,42.49838,-83.440865,839.98,915.2893521,,0,48.412903,,15 / 22,176510,2018-07-23 11:59:10:467
0.0319,0.2221,9.7883,0.0241,0.2129,9.8043,0.0079,0.0096,0.0011,-4.00E-04,5.00E-04,0,577,8.25,10.05,-42.38,323.39,-1.24,-0.14,2,981.16,45.527,42.49838,-83.440865,839.98,915.2893521,,0,48.412903,,15 / 22,177011,2018-07-23 11:59:10:968
0.0319,0.2197,9.7859,0.0238,0.2126,9.8043,0.0082,0.0075,-5.00E-04,-4.00E-04,-5.00E-04,0,577,8.49,13.93,-44.02,331.53,-1.24,-0.14,2,981.16,42.892,42.49838,-83.440865,839.98,915.2893521,,0,48.412903,,15 / 22,177512,2018-07-23 11:59:11:469
0.0391,0.2029,9.7811,0.0236,0.2107,9.8044,0.0156,-0.0074,-0.005,-4.00E-04,-5.00E-04,0,577,9.1,12.37,-42.53,324.87,-1.24,-0.13,2,981.16,30.364,42.49838,-83.440865,839.98,915.2893521,,0,48.412903,,15 / 22,178012,2018-07-23 11:59:11:969
0.0032,0.1503,9.7931,0.0234,0.2069,9.8044,-0.0202,-0.0563,0.0055,-4.00E-04,5.00E-04,0,577,7.46,15.25,-42.5,335.93,-1.21,-0.14,2,981.16,28.441,42.49838,-83.440865,839.98,915.2893521,,0,48.412903,,15 / 22,178512,2018-07-23 11:59:12:469
0.0415,0.1982,9.774,0.024,0.2098,9.8044,0.0176,-0.0113,-0.0129,-4.00E-04,-5.00E-04,0,577,9.33,15.27,-42.34,330.24,-1.23,-0.13,2,981.16,50.899,42.49838,-83.440865,839.98,915.2893521,,0,48.412903,,15 / 22,179012,2018-07-23 11:59:12:969
0.0295,0.2293,9.7931,0.0247,0.2115,9.8043,0.0048,0.0181,0.0025,-4.00E-04,5.00E-04,0,577,10.31,11.95,-41.65,321.92,-1.22,-0.14,2,981.16,28.526,42.49838,-83.440865,839.98,915.2893521,,0,48.412903,,15 / 22,179510,2018-07-23 11:59:13:467
0.0151,0.1838,9.7955,0.0238,0.2082,9.8044,-0.0086,-0.0242,0.0041,7.00E-04,-5.00E-04,0,577,10.15,12.79,-43.22,324.02,-1.23,-0.14,2,981.16,33.257,42.49838,-83.440865,839.98,915.2893521,,0,48.412903,,15 / 22,180010,2018-07-23 11:59:13:967
0.0319,0.2029,9.7859,0.0248,0.21,9.8044,0.0071,-0.0068,-0.0067,-4.00E-04,5.00E-04,-0.0011,577,10.09,13.42,-41.69,323.99,-1.23,-0.14,2,981.16,28.52,42.49838,-83.440865,839.98,915.2893521,,0,48.412903,,15 / 22,180510,2018-07-23 11:59:14:467
0.0223,0.2077,9.7955,0.0244,0.2104,9.8044,-0.0021,-0.0024,0.0022,-4.00E-04,5.00E-04,0,577,10.11,13.93,-40.99,325.82,-1.23,-0.15,2,981.16,56.545,42.49838,-83.440865,839.98,915.2893521,,0,48.412903,,15 / 22,181012,2018-07-23 11:59:14:969
0.0271,0.2149,9.7811,0.0228,0.2096,9.8044,0.0043,0.0055,-0.0135,-4.00E-04,5.00E-04,0,577,9.21,11.74,-42.29,324.79,-1.22,-0.13,2,981.16,45.694,42.49838,-83.440865,839.98,915.2893521,,0,48.412903,,15 / 22,181511,2018-07-23 11:59:15:468
0.0199,0.2173,9.7955,0.0236,0.2117,9.8043,-0.0037,0.0059,0.0014,-4.00E-04,5.00E-04,0,577,9.09,13.2,-41.94,326.78,-1.23,-0.14,2,981.16,29.927,42.49838,-83.440865,839.98,915.2893521,,0,48.412903,,15 / 22,182012,2018-07-23 11:59:15:969
0.0271,0.2101,9.7907,0.023,0.2117,9.8043,0.0042,-0.0013,-0.0035,-4.00E-04,5.00E-04,0,577,8.86,12.83,-40.16,326.73,-1.24,-0.13,2,981.16,29.967,42.49838,-83.440865,839.98,915.2893521,,0,48.412903,,15 / 22,182512,2018-07-23 11:59:16:469
0.0343,0.2029,9.7931,0.0236,0.2096,9.8044,0.0107,-0.0064,4.00E-04,7.00E-04,5.00E-04,-0.0011,577,9.1,12.31,-41.38,324.77,-1.23,-0.13,2,981.16,39.834,42.49838,-83.440865,839.98,915.2893521,,0,48.412903,,15 / 22,183011,2018-07-23 11:59:16:968
0.0223,0.2149,9.7883,0.0238,0.2134,9.8043,-0.0015,0.0018,-0.0043,7.00E-04,-5.00E-04,0,577,9.93,12.64,-41.24,323.98,-1.25,-0.14,2,981.16,32.55,42.49838,-83.440865,839.98,915.2893521,,0,48.412903,,15 / 22,183511,2018-07-23 11:59:17:468
0.0319,0.2005,9.7452,0.0311,0.213,9.8043,9.00E-04,-0.012,-0.041,0.0071,-0.0208,0.0085,577,8.16,13.51,-40.31,331.42,-1.24,-0.14,2,981.16,37.643,42.49838,-83.440865,839.98,915.2893521,,0,48.412903,,15 / 22,184010,2018-07-23 11:59:17:967
0.0199,0.2109,9.7947,0.0253,0.2137,9.8043,-0.0054,-0.0025,0.0054,7.00E-04,2.00E-04,3.00E-04,577,7.82,11.25,-40.63,325.72,-1.25,-0.15,2,981.17,36.033,42.49838,-83.440865,839.98,915.2893521,,0,48.412903,,15 / 22,184511,2018-07-23 11:59:18:468
0.0255,0.2109,9.7931,0.0245,0.2141,9.8043,0.001,-0.0028,0.002,4.00E-04,2.00E-04,3.00E-04,577,9.2,11.38,-41.06,322.57,-1.25,-0.14,2,981.17,41.676,42.49838,-83.440865,839.98,915.2893521,,0,48.412903,,0 / 23,185011,2018-07-23 11:59:18:968
0.0151,0.2173,9.7931,0.0231,0.2147,9.8043,-0.0079,0.0029,0.0038,7.00E-04,5.00E-04,0,577,9.57,10.82,-41.72,319.72,-1.25,-0.14,2,981.17,36.774,42.49838,-83.440865,839.98,915.2893521,,0,48.412903,,0 / 23,185509,2018-07-23 11:59:19:466
0.0247,0.2077,9.7859,0.0238,0.2124,9.8043,0.001,-0.0043,0.0012,7.00E-04,5.00E-04,0,577,8.6,12.26,-42.73,324.85,-1.24,-0.14,2,981.17,38.058,42.49838,-83.440865,839.98,915.2893521,,0,48.412903,,0 / 23,186011,2018-07-23 11:59:19:968
0.0223,0.2125,9.7835,0.0226,0.2135,9.8043,-2.00E-04,-6.00E-04,-2.00E-04,7.00E-04,5.00E-04,0,577,9.43,12.81,-41.4,326.78,-1.25,-0.13,2,981.17,26.71,42.49838,-83.440865,839.98,915.2893521,,0,48.412903,,0 / 23,186511,2018-07-23 11:59:20:468
0.0223,0.2173,9.7859,0.0241,0.2136,9.8043,-0.0017,0.0041,7.00E-04,-4.00E-04,5.00E-04,0,577,10.6,14.77,-41.83,325.1,-1.25,-0.14,2,981.17,40.678,42.49838,-83.440865,839.98,915.2893521,,0,48.412903,,0 / 23,187012,2018-07-23 11:59:20:969
0.0247,0.2053,9.7883,0.0237,0.212,9.8043,0.0011,-0.0063,0.0015,7.00E-04,5.00E-04,0.001,577,8.66,13.86,-41.53,328.59,-1.24,-0.14,2,981.17,36.085,42.49838,-83.440865,839.98,915.2893521,,0,48.412903,,0 / 23,187511,2018-07-23 11:59:21:468
0.0247,0.1766,9.7907,0.0241,0.2099,9.8044,7.00E-04,-0.0329,0.0027,7.00E-04,5.00E-04,0,577,8.84,14.36,-41.46,328.57,-1.25,-0.14,2,981.17,44.779,42.49838,-83.440865,839.98,915.2893521,,0,48.412903,,0 / 23,188012,2018-07-23 11:59:21:969
0.0343,0.2293,9.7883,0.0258,0.214,9.8043,0.0086,0.0156,3.00E-04,7.00E-04,5.00E-04,0,577,9.69,14.75,-40.93,327.54,-1.25,-0.15,2,981.17,35.679,42.49838,-83.440865,839.98,915.2893521,,0,48.412903,,0 / 23,188510,2018-07-23 11:59:22:467
0.0127,0.2341,9.7955,0.0227,0.2127,9.8043,-0.0099,0.0217,0.0055,7.00E-04,-5.00E-04,0,577,9.39,14.03,-41.1,328.52,-1.23,-0.15,2,981.18,40.99,42.49838,-83.440865,839.98,915.2893521,,0,48.412903,,0 / 23,189012,2018-07-23 11:59:22:969
0.0391,0.1934,9.7907,0.0258,0.2132,9.8043,0.0133,-0.0195,-2.00E-04,7.00E-04,5.00E-04,0.001,577,8.85,14.57,-41.23,330.18,-1.25,-0.15,2,981.18,38.37,42.49838,-83.440865,839.98,915.2893521,,0,48.412903,,0 / 23,189511,2018-07-23 11:59:23:468
0.0319,0.2221,9.7883,0.0243,0.2163,9.8042,0.0077,0.0061,-0.0045,7.00E-04,5.00E-04,0,577,9.27,11.69,-41.62,324.8,-1.24,-0.14,2,981.18,38.188,42.49838,-83.440865,839.98,915.2893521,,0,48.412903,,0 / 23,190012,2018-07-23 11:59:23:969
0.0199,0.2149,9.7955,0.0236,0.2131,9.8043,-0.0036,0.0021,0.0022,7.00E-04,-5.00E-04,0,577,9.18,12.59,-42.35,326.79,-1.24,-0.14,2,981.19,45.008,42.49838,-83.440865,839.98,915.2893521,,0,48.412903,,0 / 23,190510,2018-07-23 11:59:24:467
0.0391,0.2053,9.7931,0.0269,0.212,9.8043,0.0123,-0.0064,-3.00E-04,7.00E-04,5.00E-04,0,577,9.5,13.34,-42.82,324.06,-1.25,-0.13,2,981.19,43.7,42.49838,-83.440865,839.98,915.2893521,,0,48.412903,,0 / 23,191012,2018-07-23 11:59:24:969
0.0271,0.2053,9.7979,0.0235,0.2139,9.8043,0.0036,-0.0083,0.0044,7.00E-04,5.00E-04,0,577,8.91,13.29,-41.51,326.82,-1.25,-0.14,2,981.19,47.956,42.49838,-83.440865,839.98,915.2893521,,0,48.412903,,0 / 23,191510,2018-07-23 11:59:25:467
-0.0064,0.1838,9.8003,0.0211,0.2119,9.8043,-0.0275,-0.0279,0.0049,7.00E-04,5.00E-04,0.001,577,7.34,12.16,-42.58,331.19,-1.25,-0.15,2,981.19,49.302,42.49838,-83.440865,839.98,915.2893521,,0,48.412903,,0 / 23,192011,2018-07-23 11:59:25:968
0.3144,-1.6143,10.7723,0.4343,-0.5184,9.7833,-0.1204,-1.0953,0.978,-0.255,0.0133,0.6721,564,11.9,12.27,-37.99,306.19,3.03,-2.54,2,981.19,53.648,42.49838,-83.440865,839.98,915.2893521,,0,48.412903,,0 / 23,192510,2018-07-23 11:59:26:467
1.6408,3.5836,9.9176,0.0925,2.9517,9.3514,1.5487,0.6431,0.6018,0.3618,0.7782,1.1962,564,20.6,-9.8,-26.17,262.94,-15.82,-1.46,2,981.19,41.493,42.49838,-83.440865,839.98,915.2893521,,0,48.412903,,16 / 23,193009,2018-07-23 11:59:26:966
-0.3121,3.7216,9.7732,0.2693,3.7242,9.068,-0.5813,-0.0016,0.7075,0.1449,-0.2121,-0.0775,344,17.32,-19.29,-23.55,243.18,-21.84,-1.14,2,981.19,51.74,42.49838,-83.440865,839.98,915.2893521,,0,48.412903,,16 / 23,193511,2018-07-23 11:59:27:468
0.6488,4.3689,10.1658,1.1575,4.0532,8.8545,-0.5106,0.3091,1.2968,-0.1605,-0.7182,-0.1691,285,16.01,-28.56,-28.86,231.61,-24.92,-5.34,2,981.19,55.374,42.49838,-83.440865,839.98,915.2893521,,0,48.412903,,16 / 23,194009,2018-07-23 11:59:27:966
1.0678,4.9458,8.011,0.8893,4.607,8.6114,0.1755,0.3231,-0.6299,0.0685,0.1025,-0.3772,185,18.21,-15.3,-36.8,276.94,-27.59,-6.89,2,981.19,46.216,42.49838,-83.440865,839.98,915.2893521,,0,48.412903,,16 / 23,194509,2018-07-23 11:59:28:466
0.2825,5.4047,8.0749,0.6319,5.2266,8.2737,-0.3521,0.1564,-0.2333,0.18,-0.205,-0.1119,204,20.45,-12,-36.06,289.29,-31.54,-3.91,2,981.18,44.299,42.49838,-83.440865,839.98,915.2893521,,0,48.412903,,16 / 23,195010,2018-07-23 11:59:28:967
1.387,5.8158,8.3989,1.3428,5.5786,7.9528,0.0362,0.2041,0.399,0.0859,-0.1191,-0.0178,162,15.66,-11.26,-36.59,294.92,-34.67,-9.58,2,981.17,51.112,42.49838,-83.440865,839.98,915.2893521,,0,48.412903,,16 / 23,195509,2018-07-23 11:59:29:466
